-- MySQL dump 10.13  Distrib 8.0.21, for Linux (x86_64)
--
-- Host: localhost    Database: vk
-- ------------------------------------------------------
-- Server version	8.0.21-0ubuntu0.20.04.4

/*!40101 SET @OLD_CHARACTER_SET_CLIENT=@@CHARACTER_SET_CLIENT */;
/*!40101 SET @OLD_CHARACTER_SET_RESULTS=@@CHARACTER_SET_RESULTS */;
/*!40101 SET @OLD_COLLATION_CONNECTION=@@COLLATION_CONNECTION */;
/*!50503 SET NAMES utf8mb4 */;
/*!40103 SET @OLD_TIME_ZONE=@@TIME_ZONE */;
/*!40103 SET TIME_ZONE='+00:00' */;
/*!40014 SET @OLD_UNIQUE_CHECKS=@@UNIQUE_CHECKS, UNIQUE_CHECKS=0 */;
/*!40014 SET @OLD_FOREIGN_KEY_CHECKS=@@FOREIGN_KEY_CHECKS, FOREIGN_KEY_CHECKS=0 */;
/*!40101 SET @OLD_SQL_MODE=@@SQL_MODE, SQL_MODE='NO_AUTO_VALUE_ON_ZERO' */;
/*!40111 SET @OLD_SQL_NOTES=@@SQL_NOTES, SQL_NOTES=0 */;

--
-- Table structure for table `cities`
--

DROP TABLE IF EXISTS `cities`;
/*!40101 SET @saved_cs_client     = @@character_set_client */;
/*!50503 SET character_set_client = utf8mb4 */;
CREATE TABLE `cities` (
  `id` int unsigned NOT NULL AUTO_INCREMENT COMMENT 'Идентификатор строки',
  `country_id` int unsigned DEFAULT NULL,
  `name` varchar(50) NOT NULL COMMENT 'Название города',
  `created_at` datetime DEFAULT CURRENT_TIMESTAMP COMMENT 'Время создания строки',
  `updated_at` datetime DEFAULT CURRENT_TIMESTAMP ON UPDATE CURRENT_TIMESTAMP COMMENT 'Время обновления строки',
  PRIMARY KEY (`id`),
  UNIQUE KEY `name` (`name`)
) ENGINE=InnoDB AUTO_INCREMENT=101 DEFAULT CHARSET=utf8mb4 COLLATE=utf8mb4_0900_ai_ci COMMENT='Список стран';
/*!40101 SET character_set_client = @saved_cs_client */;

--
-- Dumping data for table `cities`
--

LOCK TABLES `cities` WRITE;
/*!40000 ALTER TABLE `cities` DISABLE KEYS */;
INSERT INTO `cities` VALUES (1,28,'Lake Jeffery','2020-10-19 20:53:36','2020-10-19 20:56:29'),(2,18,'New Teagan','2020-10-19 20:53:36','2020-10-19 20:56:29'),(3,6,'South Marcellaberg','2020-10-19 20:53:36','2020-10-19 20:56:29'),(4,57,'Port Raestad','2020-10-19 20:53:36','2020-10-19 20:56:29'),(5,20,'Whitneyland','2020-10-19 20:53:36','2020-10-19 20:56:29'),(6,10,'South Skylartown','2020-10-19 20:53:36','2020-10-19 20:56:29'),(7,70,'East Thaddeushaven','2020-10-19 20:53:36','2020-10-19 20:56:29'),(8,77,'Dorrisberg','2020-10-19 20:53:36','2020-10-19 20:56:29'),(9,8,'New Darrickton','2020-10-19 20:53:36','2020-10-19 20:56:29'),(10,57,'South Anne','2020-10-19 20:53:36','2020-10-19 20:56:29'),(11,12,'Sharonmouth','2020-10-19 20:53:36','2020-10-19 20:56:29'),(12,53,'South Clemmiefurt','2020-10-19 20:53:36','2020-10-19 20:56:29'),(13,66,'Stromanview','2020-10-19 20:53:36','2020-10-19 20:56:29'),(14,7,'Swiftstad','2020-10-19 20:53:36','2020-10-19 20:56:29'),(15,82,'East Luisa','2020-10-19 20:53:36','2020-10-19 20:56:29'),(16,59,'South Herbertburgh','2020-10-19 20:53:36','2020-10-19 20:56:29'),(17,48,'Port Zachery','2020-10-19 20:53:36','2020-10-19 20:56:29'),(18,63,'West Keshawnfurt','2020-10-19 20:53:36','2020-10-19 20:56:29'),(19,7,'Ariannastad','2020-10-19 20:53:36','2020-10-19 20:56:29'),(20,11,'New Bartbury','2020-10-19 20:53:36','2020-10-19 20:56:29'),(21,33,'Port Kaleigh','2020-10-19 20:53:36','2020-10-19 20:56:29'),(22,49,'Nikolasfurt','2020-10-19 20:53:36','2020-10-19 20:56:29'),(23,64,'Wisokyburgh','2020-10-19 20:53:36','2020-10-19 20:56:29'),(24,8,'Kellieland','2020-10-19 20:53:36','2020-10-19 20:56:29'),(25,14,'New Freddy','2020-10-19 20:53:36','2020-10-19 20:56:29'),(26,42,'Lake Andy','2020-10-19 20:53:36','2020-10-19 20:56:29'),(27,4,'Lake Emelyfort','2020-10-19 20:53:36','2020-10-19 20:56:29'),(28,56,'Krisfurt','2020-10-19 20:53:36','2020-10-19 20:56:29'),(29,24,'West Barthaven','2020-10-19 20:53:36','2020-10-19 20:56:29'),(30,34,'Murlfurt','2020-10-19 20:53:36','2020-10-19 20:56:29'),(31,13,'Trevionstad','2020-10-19 20:53:36','2020-10-19 20:56:29'),(32,45,'Hagenesside','2020-10-19 20:53:36','2020-10-19 20:56:29'),(33,21,'South Osborne','2020-10-19 20:53:36','2020-10-19 20:56:29'),(34,53,'Lake Viva','2020-10-19 20:53:36','2020-10-19 20:56:29'),(35,38,'Micaelaburgh','2020-10-19 20:53:36','2020-10-19 20:56:29'),(36,29,'South Jaquanbury','2020-10-19 20:53:36','2020-10-19 20:56:29'),(37,30,'Lake Isabelle','2020-10-19 20:53:36','2020-10-19 20:56:29'),(38,65,'South Tarafort','2020-10-19 20:53:36','2020-10-19 20:56:29'),(39,69,'East Leanne','2020-10-19 20:53:36','2020-10-19 20:56:29'),(40,69,'Martineville','2020-10-19 20:53:36','2020-10-19 20:56:29'),(41,57,'Lawrencestad','2020-10-19 20:53:36','2020-10-19 20:56:29'),(42,74,'Lake Loraview','2020-10-19 20:53:36','2020-10-19 20:56:29'),(43,35,'West Earline','2020-10-19 20:53:36','2020-10-19 20:56:29'),(44,37,'East Murlhaven','2020-10-19 20:53:36','2020-10-19 20:56:29'),(45,76,'Jonesbury','2020-10-19 20:53:36','2020-10-19 20:56:29'),(46,26,'Dejamouth','2020-10-19 20:53:36','2020-10-19 20:56:29'),(47,63,'Reannabury','2020-10-19 20:53:36','2020-10-19 20:56:29'),(48,74,'West Reynaport','2020-10-19 20:53:36','2020-10-19 20:56:29'),(49,14,'North Bradlytown','2020-10-19 20:53:36','2020-10-19 20:56:29'),(50,12,'East Ernie','2020-10-19 20:53:36','2020-10-19 20:56:29'),(51,20,'Sanfordtown','2020-10-19 20:53:36','2020-10-19 20:56:29'),(52,63,'Nickolasport','2020-10-19 20:53:36','2020-10-19 20:56:29'),(53,9,'Port Vincent','2020-10-19 20:53:36','2020-10-19 20:56:29'),(54,18,'Port Lily','2020-10-19 20:53:36','2020-10-19 20:56:29'),(55,65,'West Katelinburgh','2020-10-19 20:53:36','2020-10-19 20:56:29'),(56,22,'North Marquesmouth','2020-10-19 20:53:36','2020-10-19 20:56:29'),(57,78,'Port Ellis','2020-10-19 20:53:36','2020-10-19 20:56:29'),(58,80,'Port Luciano','2020-10-19 20:53:36','2020-10-19 20:56:29'),(59,1,'Montyport','2020-10-19 20:53:36','2020-10-19 20:56:29'),(60,10,'North Raymond','2020-10-19 20:53:36','2020-10-19 20:56:29'),(61,46,'Nitzscheburgh','2020-10-19 20:53:36','2020-10-19 20:56:29'),(62,38,'Jerroldport','2020-10-19 20:53:36','2020-10-19 20:56:29'),(63,49,'Fayechester','2020-10-19 20:53:36','2020-10-19 20:56:29'),(64,49,'Raynorchester','2020-10-19 20:53:36','2020-10-19 20:56:29'),(65,17,'Hammesmouth','2020-10-19 20:53:36','2020-10-19 20:56:29'),(66,17,'Oberbrunnerfort','2020-10-19 20:53:36','2020-10-19 20:56:29'),(67,33,'North Lola','2020-10-19 20:53:36','2020-10-19 20:56:29'),(68,32,'Nathenland','2020-10-19 20:53:36','2020-10-19 20:56:29'),(69,61,'East Evertville','2020-10-19 20:53:36','2020-10-19 20:56:29'),(70,45,'Serenaville','2020-10-19 20:53:36','2020-10-19 20:56:29'),(71,40,'Aufderharville','2020-10-19 20:53:36','2020-10-19 20:56:29'),(72,67,'Kohlerbury','2020-10-19 20:53:36','2020-10-19 20:56:29'),(73,49,'Haleyfort','2020-10-19 20:53:36','2020-10-19 20:56:29'),(74,44,'East Issac','2020-10-19 20:53:36','2020-10-19 20:56:29'),(75,71,'Greggview','2020-10-19 20:53:36','2020-10-19 20:56:29'),(76,57,'Marcelinotown','2020-10-19 20:53:36','2020-10-19 20:56:29'),(77,75,'Connieberg','2020-10-19 20:53:36','2020-10-19 20:56:29'),(78,39,'Tarynburgh','2020-10-19 20:53:36','2020-10-19 20:56:29'),(79,49,'East Rafael','2020-10-19 20:53:36','2020-10-19 20:56:29'),(80,47,'South Linahaven','2020-10-19 20:53:36','2020-10-19 20:56:29'),(81,7,'Lebsacktown','2020-10-19 20:53:36','2020-10-19 20:56:29'),(82,57,'Mylesburgh','2020-10-19 20:53:36','2020-10-19 20:56:29'),(83,18,'Lake Lacyfurt','2020-10-19 20:53:36','2020-10-19 20:56:29'),(84,1,'Smithmouth','2020-10-19 20:53:36','2020-10-19 20:56:29'),(85,33,'Mannburgh','2020-10-19 20:53:36','2020-10-19 20:56:29'),(86,80,'Ceciliaburgh','2020-10-19 20:53:36','2020-10-19 20:56:29'),(87,53,'Port Jack','2020-10-19 20:53:36','2020-10-19 20:56:29'),(88,24,'Kulasburgh','2020-10-19 20:53:36','2020-10-19 20:56:29'),(89,41,'Lake Adelineville','2020-10-19 20:53:36','2020-10-19 20:56:29'),(90,53,'Port Alison','2020-10-19 20:53:36','2020-10-19 20:56:29'),(91,58,'Maximusstad','2020-10-19 20:53:36','2020-10-19 20:56:29'),(92,49,'Kuhichaven','2020-10-19 20:53:36','2020-10-19 20:56:29'),(93,72,'East Mitchelview','2020-10-19 20:53:36','2020-10-19 20:56:29'),(94,46,'Ankundingmouth','2020-10-19 20:53:36','2020-10-19 20:56:29'),(95,15,'Lynnside','2020-10-19 20:53:36','2020-10-19 20:56:29'),(96,19,'Abbottberg','2020-10-19 20:53:36','2020-10-19 20:56:29'),(97,49,'Lake Sterling','2020-10-19 20:53:36','2020-10-19 20:56:29'),(98,23,'Lake Misty','2020-10-19 20:53:36','2020-10-19 20:56:29'),(99,48,'Aronshire','2020-10-19 20:53:36','2020-10-19 20:56:29'),(100,9,'Emmetstad','2020-10-19 20:53:36','2020-10-19 20:56:29');
/*!40000 ALTER TABLE `cities` ENABLE KEYS */;
UNLOCK TABLES;

--
-- Table structure for table `communities`
--

DROP TABLE IF EXISTS `communities`;
/*!40101 SET @saved_cs_client     = @@character_set_client */;
/*!50503 SET character_set_client = utf8mb4 */;
CREATE TABLE `communities` (
  `id` int unsigned NOT NULL AUTO_INCREMENT COMMENT 'Идентификатор сроки',
  `name` varchar(150) CHARACTER SET utf8 COLLATE utf8_unicode_ci NOT NULL COMMENT 'Название группы',
  `created_at` datetime DEFAULT CURRENT_TIMESTAMP COMMENT 'Время создания строки',
  `updated_at` datetime DEFAULT CURRENT_TIMESTAMP ON UPDATE CURRENT_TIMESTAMP COMMENT 'Время обновления строки',
  PRIMARY KEY (`id`),
  UNIQUE KEY `name` (`name`)
) ENGINE=InnoDB AUTO_INCREMENT=101 DEFAULT CHARSET=utf8 COLLATE=utf8_unicode_ci COMMENT='Группы';
/*!40101 SET character_set_client = @saved_cs_client */;

--
-- Dumping data for table `communities`
--

LOCK TABLES `communities` WRITE;
/*!40000 ALTER TABLE `communities` DISABLE KEYS */;
INSERT INTO `communities` VALUES (1,'neque','2017-06-26 11:17:36','2017-09-06 20:28:36'),(2,'rerum','2013-06-13 14:09:20','2011-03-03 23:31:35'),(3,'sit','2018-04-28 21:09:37','2015-06-26 17:25:01'),(4,'nostrum','2016-10-23 07:17:56','2013-12-24 22:58:45'),(5,'commodi','2011-12-03 09:13:19','2011-10-03 10:55:10'),(6,'numquam','2020-09-05 14:34:14','2011-02-21 18:58:54'),(7,'omnis','2010-12-03 12:27:58','2012-12-09 10:53:56'),(8,'aspernatur','2018-11-20 03:36:34','2011-02-26 14:46:42'),(9,'esse','2016-08-24 01:46:00','2013-03-09 20:09:22'),(10,'consequatur','2013-04-30 02:33:51','2018-06-20 01:22:30'),(11,'aperiam','2017-02-11 17:41:54','2016-09-18 08:20:54'),(12,'facilis','2015-08-07 13:20:20','2018-06-12 05:15:04'),(13,'molestiae','2020-05-09 06:16:19','2017-04-28 15:30:14'),(14,'ab','2018-09-28 09:58:08','2016-08-13 14:57:57'),(15,'corporis','2018-10-29 22:55:02','2014-12-15 21:59:31'),(16,'et','2012-12-03 13:10:15','2013-07-11 02:22:01'),(17,'aut','2018-08-20 06:59:18','2017-05-30 05:32:23'),(18,'rem','2017-10-14 09:10:17','2012-11-12 20:00:24'),(19,'repellendus','2015-11-15 20:24:01','2015-09-06 20:21:16'),(20,'veniam','2014-09-17 05:10:29','2017-03-06 17:28:57');
/*!40000 ALTER TABLE `communities` ENABLE KEYS */;
UNLOCK TABLES;

--
-- Table structure for table `communities_users`
--

DROP TABLE IF EXISTS `communities_users`;
/*!40101 SET @saved_cs_client     = @@character_set_client */;
/*!50503 SET character_set_client = utf8mb4 */;
CREATE TABLE `communities_users` (
  `community_id` int unsigned NOT NULL COMMENT 'Ссылка на группу',
  `user_id` int unsigned NOT NULL COMMENT 'Ссылка на пользователя',
  `created_at` datetime DEFAULT CURRENT_TIMESTAMP COMMENT 'Время создания строки',
  PRIMARY KEY (`community_id`,`user_id`) COMMENT 'Составной первичный ключ'
) ENGINE=InnoDB DEFAULT CHARSET=utf8 COLLATE=utf8_unicode_ci COMMENT='Участники групп, связь между пользователями и группами';
/*!40101 SET character_set_client = @saved_cs_client */;

--
-- Dumping data for table `communities_users`
--

LOCK TABLES `communities_users` WRITE;
/*!40000 ALTER TABLE `communities_users` DISABLE KEYS */;
INSERT INTO `communities_users` VALUES (1,42,'2016-05-29 05:43:32'),(1,64,'2020-02-19 21:33:24'),(1,73,'2011-01-26 00:15:15'),(1,86,'2020-05-21 11:18:37'),(1,89,'2016-06-24 19:20:05'),(2,7,'2014-04-30 13:19:02'),(2,11,'2014-06-07 10:24:20'),(2,39,'2011-10-01 10:23:47'),(2,47,'2014-05-19 17:47:15'),(2,61,'2018-04-28 09:51:20'),(2,68,'2014-10-20 22:58:56'),(2,94,'2013-05-29 06:08:34'),(3,1,'2015-10-16 03:49:35'),(3,12,'2012-12-27 07:19:27'),(3,23,'2016-11-27 08:58:30'),(3,32,'2011-04-15 19:00:33'),(3,35,'2012-04-10 13:32:59'),(3,45,'2011-05-03 04:15:29'),(3,59,'2018-04-03 03:11:46'),(3,60,'2018-07-09 02:46:53'),(3,62,'2013-11-14 22:14:54'),(4,25,'2014-05-29 03:14:25'),(5,8,'2017-10-14 21:38:38'),(5,28,'2017-01-31 09:21:37'),(5,29,'2019-12-20 08:45:02'),(5,37,'2015-10-07 15:39:20'),(5,58,'2016-02-28 18:57:27'),(6,4,'2020-03-31 15:46:40'),(6,31,'2019-10-03 14:24:00'),(6,49,'2019-01-23 12:00:44'),(6,54,'2015-05-12 03:39:31'),(6,63,'2012-09-06 01:41:04'),(6,70,'2015-10-24 03:53:09'),(6,74,'2017-08-26 03:45:02'),(6,75,'2012-08-19 13:51:55'),(6,77,'2015-07-05 04:44:56'),(7,27,'2012-10-01 02:21:41'),(7,69,'2014-06-26 14:15:54'),(7,79,'2015-08-07 11:16:57'),(7,80,'2013-04-23 21:17:24'),(7,98,'2020-06-10 11:09:18'),(8,15,'2016-01-27 07:30:40'),(8,30,'2019-02-05 04:28:14'),(8,44,'2016-04-02 22:36:48'),(8,67,'2017-08-24 16:51:12'),(8,87,'2017-01-22 09:52:21'),(9,6,'2017-08-03 12:27:28'),(9,65,'2017-04-18 19:47:03'),(9,78,'2010-10-23 18:56:33'),(9,83,'2014-02-27 21:20:12'),(9,91,'2020-01-29 20:30:45'),(10,13,'2019-04-04 12:46:19'),(10,46,'2014-10-29 01:18:14'),(11,17,'2015-06-13 01:09:33'),(12,2,'2016-08-29 10:06:01'),(12,20,'2018-07-22 14:07:37'),(12,51,'2016-01-02 09:50:39'),(12,71,'2017-11-22 09:33:04'),(12,85,'2014-07-09 23:55:25'),(13,3,'2019-03-29 03:06:40'),(13,19,'2012-09-05 12:41:57'),(13,40,'2020-07-13 23:22:25'),(13,57,'2011-11-15 13:23:14'),(13,76,'2020-03-15 22:25:38'),(13,93,'2020-06-29 13:03:37'),(13,95,'2013-12-02 23:00:32'),(13,97,'2015-02-18 09:24:26'),(14,5,'2018-01-16 23:19:40'),(14,50,'2017-07-17 16:07:03'),(14,56,'2012-02-25 05:08:44'),(15,24,'2020-08-31 14:11:30'),(15,36,'2016-04-30 03:08:31'),(15,82,'2014-06-09 19:44:58'),(15,90,'2016-03-21 14:17:23'),(16,10,'2016-09-21 19:39:35'),(16,26,'2015-04-14 04:13:30'),(16,41,'2014-09-17 05:53:20'),(16,81,'2011-04-22 22:08:01'),(16,99,'2019-02-07 02:32:52'),(17,18,'2012-09-23 16:58:42'),(17,53,'2012-06-06 22:28:44'),(17,88,'2016-11-30 12:55:21'),(18,9,'2020-03-12 16:52:10'),(18,33,'2019-09-09 05:33:14'),(18,43,'2014-03-01 10:00:45'),(18,48,'2020-09-25 05:02:34'),(18,55,'2011-05-24 21:56:00'),(18,100,'2014-01-24 11:41:27'),(19,16,'2012-10-28 12:32:21'),(19,21,'2011-03-14 04:12:07'),(19,34,'2015-11-06 23:27:48'),(19,38,'2017-10-24 16:45:24'),(19,52,'2019-04-02 05:36:31'),(19,66,'2013-04-02 11:21:20'),(19,72,'2016-10-26 23:51:17'),(19,96,'2017-03-24 06:25:57'),(20,14,'2015-01-19 10:59:00'),(20,22,'2017-05-12 23:08:49'),(20,84,'2013-12-19 17:19:49'),(20,92,'2018-05-08 07:00:49');
/*!40000 ALTER TABLE `communities_users` ENABLE KEYS */;
UNLOCK TABLES;

--
-- Table structure for table `countries`
--

DROP TABLE IF EXISTS `countries`;
/*!40101 SET @saved_cs_client     = @@character_set_client */;
/*!50503 SET character_set_client = utf8mb4 */;
CREATE TABLE `countries` (
  `id` int unsigned NOT NULL AUTO_INCREMENT COMMENT 'Идентификатор строки',
  `name` varchar(50) NOT NULL COMMENT 'Название страны',
  `created_at` datetime DEFAULT CURRENT_TIMESTAMP COMMENT 'Время создания строки',
  `updated_at` datetime DEFAULT CURRENT_TIMESTAMP ON UPDATE CURRENT_TIMESTAMP COMMENT 'Время обновления строки',
  PRIMARY KEY (`id`),
  UNIQUE KEY `name` (`name`)
) ENGINE=InnoDB AUTO_INCREMENT=83 DEFAULT CHARSET=utf8mb4 COLLATE=utf8mb4_0900_ai_ci COMMENT='Список стран';
/*!40101 SET character_set_client = @saved_cs_client */;

--
-- Dumping data for table `countries`
--

LOCK TABLES `countries` WRITE;
/*!40000 ALTER TABLE `countries` DISABLE KEYS */;
INSERT INTO `countries` VALUES (1,'Philippines','2020-10-19 20:55:24','2020-10-19 20:55:24'),(2,'Bermuda','2020-10-19 20:55:24','2020-10-19 20:55:24'),(3,'Mongolia','2020-10-19 20:55:24','2020-10-19 20:55:24'),(4,'Cook Islands','2020-10-19 20:55:24','2020-10-19 20:55:24'),(5,'Martinique','2020-10-19 20:55:24','2020-10-19 20:55:24'),(6,'Canada','2020-10-19 20:55:24','2020-10-19 20:55:24'),(7,'Burkina Faso','2020-10-19 20:55:24','2020-10-19 20:55:24'),(8,'Christmas Island','2020-10-19 20:55:24','2020-10-19 20:55:24'),(9,'Romania','2020-10-19 20:55:24','2020-10-19 20:55:24'),(10,'Heard Island and McDonald Islands','2020-10-19 20:55:24','2020-10-19 20:55:24'),(11,'Algeria','2020-10-19 20:55:24','2020-10-19 20:55:24'),(12,'Australia','2020-10-19 20:55:24','2020-10-19 20:55:24'),(13,'Nigeria','2020-10-19 20:55:24','2020-10-19 20:55:24'),(14,'American Samoa','2020-10-19 20:55:24','2020-10-19 20:55:24'),(15,'China','2020-10-19 20:55:24','2020-10-19 20:55:24'),(16,'Seychelles','2020-10-19 20:55:24','2020-10-19 20:55:24'),(17,'Comoros','2020-10-19 20:55:24','2020-10-19 20:55:24'),(18,'Iran','2020-10-19 20:55:24','2020-10-19 20:55:24'),(19,'Eritrea','2020-10-19 20:55:24','2020-10-19 20:55:24'),(20,'Japan','2020-10-19 20:55:24','2020-10-19 20:55:24'),(21,'Mauritania','2020-10-19 20:55:24','2020-10-19 20:55:24'),(22,'Tanzania','2020-10-19 20:55:24','2020-10-19 20:55:24'),(23,'Montenegro','2020-10-19 20:55:24','2020-10-19 20:55:24'),(24,'Maldives','2020-10-19 20:55:24','2020-10-19 20:55:24'),(25,'United States Virgin Islands','2020-10-19 20:55:24','2020-10-19 20:55:24'),(26,'Northern Mariana Islands','2020-10-19 20:55:24','2020-10-19 20:55:24'),(27,'United States Minor Outlying Islands','2020-10-19 20:55:24','2020-10-19 20:55:24'),(28,'Slovenia','2020-10-19 20:55:24','2020-10-19 20:55:24'),(29,'French Guiana','2020-10-19 20:55:24','2020-10-19 20:55:24'),(30,'Guernsey','2020-10-19 20:55:24','2020-10-19 20:55:24'),(31,'Argentina','2020-10-19 20:55:24','2020-10-19 20:55:24'),(32,'Saint Lucia','2020-10-19 20:55:24','2020-10-19 20:55:24'),(33,'Peru','2020-10-19 20:55:24','2020-10-19 20:55:24'),(34,'Switzerland','2020-10-19 20:55:24','2020-10-19 20:55:24'),(35,'Belgium','2020-10-19 20:55:24','2020-10-19 20:55:24'),(36,'Fiji','2020-10-19 20:55:24','2020-10-19 20:55:24'),(37,'Angola','2020-10-19 20:55:24','2020-10-19 20:55:24'),(38,'Namibia','2020-10-19 20:55:24','2020-10-19 20:55:24'),(39,'Wallis and Futuna','2020-10-19 20:55:24','2020-10-19 20:55:24'),(40,'Madagascar','2020-10-19 20:55:24','2020-10-19 20:55:24'),(41,'Rwanda','2020-10-19 20:55:24','2020-10-19 20:55:24'),(42,'Cameroon','2020-10-19 20:55:24','2020-10-19 20:55:24'),(43,'Cayman Islands','2020-10-19 20:55:24','2020-10-19 20:55:24'),(44,'Cambodia','2020-10-19 20:55:24','2020-10-19 20:55:24'),(45,'Aruba','2020-10-19 20:55:24','2020-10-19 20:55:24'),(46,'Germany','2020-10-19 20:55:24','2020-10-19 20:55:24'),(47,'New Caledonia','2020-10-19 20:55:24','2020-10-19 20:55:24'),(48,'Tajikistan','2020-10-19 20:55:24','2020-10-19 20:55:24'),(49,'Jamaica','2020-10-19 20:55:24','2020-10-19 20:55:24'),(50,'Sudan','2020-10-19 20:55:24','2020-10-19 20:55:24'),(51,'Russian Federation','2020-10-19 20:55:24','2020-10-19 20:55:24'),(52,'Montserrat','2020-10-19 20:55:24','2020-10-19 20:55:24'),(53,'French Polynesia','2020-10-19 20:55:24','2020-10-19 20:55:24'),(54,'South Africa','2020-10-19 20:55:24','2020-10-19 20:55:24'),(55,'Mali','2020-10-19 20:55:24','2020-10-19 20:55:24'),(56,'Saint Kitts and Nevis','2020-10-19 20:55:24','2020-10-19 20:55:24'),(57,'Uruguay','2020-10-19 20:55:24','2020-10-19 20:55:24'),(58,'Gabon','2020-10-19 20:55:24','2020-10-19 20:55:24'),(59,'United Kingdom','2020-10-19 20:55:24','2020-10-19 20:55:24'),(60,'Georgia','2020-10-19 20:55:24','2020-10-19 20:55:24'),(61,'Albania','2020-10-19 20:55:24','2020-10-19 20:55:24'),(62,'Guyana','2020-10-19 20:55:24','2020-10-19 20:55:24'),(63,'Micronesia','2020-10-19 20:55:24','2020-10-19 20:55:24'),(64,'Isle of Man','2020-10-19 20:55:24','2020-10-19 20:55:24'),(65,'Liberia','2020-10-19 20:55:24','2020-10-19 20:55:24'),(66,'Marshall Islands','2020-10-19 20:55:24','2020-10-19 20:55:24'),(67,'Samoa','2020-10-19 20:55:24','2020-10-19 20:55:24'),(68,'Sierra Leone','2020-10-19 20:55:24','2020-10-19 20:55:24'),(69,'Jordan','2020-10-19 20:55:24','2020-10-19 20:55:24'),(70,'Singapore','2020-10-19 20:55:24','2020-10-19 20:55:24'),(71,'Poland','2020-10-19 20:55:24','2020-10-19 20:55:24'),(72,'Austria','2020-10-19 20:55:24','2020-10-19 20:55:24'),(73,'Cape Verde','2020-10-19 20:55:24','2020-10-19 20:55:24'),(74,'Guam','2020-10-19 20:55:24','2020-10-19 20:55:24'),(75,'Kazakhstan','2020-10-19 20:55:24','2020-10-19 20:55:24'),(76,'Indonesia','2020-10-19 20:55:24','2020-10-19 20:55:24'),(77,'Pakistan','2020-10-19 20:55:24','2020-10-19 20:55:24'),(78,'Tonga','2020-10-19 20:55:24','2020-10-19 20:55:24'),(79,'Dominica','2020-10-19 20:55:24','2020-10-19 20:55:24'),(80,'Finland','2020-10-19 20:55:24','2020-10-19 20:55:24'),(81,'New Zealand','2020-10-19 20:55:24','2020-10-19 20:55:24'),(82,'Korea','2020-10-19 20:55:24','2020-10-19 20:55:24');
/*!40000 ALTER TABLE `countries` ENABLE KEYS */;
UNLOCK TABLES;

--
-- Table structure for table `friendship_statuses`
--

DROP TABLE IF EXISTS `friendship_statuses`;
/*!40101 SET @saved_cs_client     = @@character_set_client */;
/*!50503 SET character_set_client = utf8mb4 */;
CREATE TABLE `friendship_statuses` (
  `id` int unsigned NOT NULL AUTO_INCREMENT COMMENT 'Идентификатор строки',
  `name` varchar(150) CHARACTER SET utf8 COLLATE utf8_unicode_ci NOT NULL COMMENT 'Название статуса',
  `created_at` datetime DEFAULT CURRENT_TIMESTAMP COMMENT 'Время создания строки',
  `updated_at` datetime DEFAULT CURRENT_TIMESTAMP ON UPDATE CURRENT_TIMESTAMP COMMENT 'Время обновления строки',
  PRIMARY KEY (`id`),
  UNIQUE KEY `name` (`name`)
) ENGINE=InnoDB AUTO_INCREMENT=4 DEFAULT CHARSET=utf8 COLLATE=utf8_unicode_ci COMMENT='Статусы дружбы';
/*!40101 SET character_set_client = @saved_cs_client */;

--
-- Dumping data for table `friendship_statuses`
--

LOCK TABLES `friendship_statuses` WRITE;
/*!40000 ALTER TABLE `friendship_statuses` DISABLE KEYS */;
INSERT INTO `friendship_statuses` VALUES (1,'Requested','2020-10-19 21:35:13','2020-10-19 21:35:13'),(2,'Confirmed','2020-10-19 21:35:13','2020-10-19 21:35:13'),(3,'Rejected','2020-10-19 21:35:13','2020-10-19 21:35:13');
/*!40000 ALTER TABLE `friendship_statuses` ENABLE KEYS */;
UNLOCK TABLES;

--
-- Table structure for table `friendships`
--

DROP TABLE IF EXISTS `friendships`;
/*!40101 SET @saved_cs_client     = @@character_set_client */;
/*!50503 SET character_set_client = utf8mb4 */;
CREATE TABLE `friendships` (
  `user_id` int unsigned NOT NULL COMMENT 'Ссылка на инициатора дружеских отношений',
  `friend_id` int unsigned NOT NULL COMMENT 'Ссылка на получателя приглашения дружить',
  `status_id` int unsigned NOT NULL COMMENT 'Ссылка на статус (текущее состояние) отношений',
  `confirmed_at` datetime DEFAULT NULL COMMENT 'Время подтверждения приглашения',
  `created_at` datetime DEFAULT CURRENT_TIMESTAMP COMMENT 'Время создания строки',
  `updated_at` datetime DEFAULT CURRENT_TIMESTAMP ON UPDATE CURRENT_TIMESTAMP COMMENT 'Время обновления строки',
  PRIMARY KEY (`user_id`,`friend_id`) COMMENT 'Составной первичный ключ'
) ENGINE=InnoDB DEFAULT CHARSET=utf8 COLLATE=utf8_unicode_ci COMMENT='Таблица дружбы';
/*!40101 SET character_set_client = @saved_cs_client */;

--
-- Dumping data for table `friendships`
--

LOCK TABLES `friendships` WRITE;
/*!40000 ALTER TABLE `friendships` DISABLE KEYS */;
INSERT INTO `friendships` VALUES (2,95,1,'2013-09-23 19:13:46','2014-06-06 17:59:16','2020-10-19 21:36:05'),(3,30,1,'2011-04-15 07:49:40','2012-01-02 00:09:48','2020-10-19 21:36:05'),(3,43,1,'2015-04-10 01:10:09','2019-05-18 06:23:54','2020-10-19 21:36:05'),(3,93,3,'2012-07-04 07:10:06','2020-06-18 09:05:57','2020-10-19 21:36:05'),(4,37,2,'2016-10-12 10:42:37','2012-06-13 06:46:55','2020-10-19 21:36:05'),(4,68,3,'2014-06-06 20:46:20','2018-09-15 01:51:57','2020-10-19 21:36:05'),(5,57,2,'2011-12-31 15:44:00','2011-03-07 00:51:44','2020-10-19 21:36:05'),(6,99,2,'2020-03-10 22:03:48','2014-05-28 10:43:54','2020-10-19 21:36:05'),(7,5,2,'2014-01-01 01:17:46','2017-05-20 10:44:06','2020-10-19 21:36:05'),(8,28,2,'2015-05-07 16:51:35','2013-12-22 03:02:43','2020-10-19 21:36:05'),(11,38,1,'2014-07-05 14:40:57','2019-08-05 09:03:38','2020-10-19 21:36:05'),(13,89,2,'2014-04-02 13:12:34','2012-03-25 16:02:21','2020-10-19 21:36:05'),(14,89,1,'2019-11-11 05:29:02','2015-10-19 14:17:04','2020-10-19 21:36:05'),(16,90,3,'2015-01-13 13:59:30','2016-06-28 02:35:43','2020-10-19 21:36:05'),(17,72,2,'2011-11-22 16:08:09','2011-02-06 22:43:19','2020-10-19 21:36:05'),(18,11,1,'2019-05-24 04:34:40','2011-05-22 23:04:22','2020-10-19 21:36:05'),(18,19,2,'2019-07-01 05:47:29','2015-08-16 21:35:49','2020-10-19 21:36:05'),(18,72,2,'2020-09-21 04:51:53','2018-08-25 04:39:28','2020-10-19 21:36:05'),(18,84,2,'2019-02-17 16:26:26','2013-04-15 05:24:17','2020-10-19 21:36:05'),(19,60,3,'2011-08-26 20:25:28','2014-09-21 21:10:59','2020-10-19 21:36:05'),(19,63,1,'2015-11-03 07:46:26','2018-03-04 13:27:57','2020-10-19 21:36:05'),(19,98,2,'2018-04-22 23:08:44','2017-11-11 15:38:28','2020-10-19 21:36:05'),(20,67,3,'2014-08-04 00:35:21','2017-03-10 06:55:14','2020-10-19 21:36:05'),(21,20,2,'2013-01-16 03:50:20','2018-10-26 04:07:32','2020-10-19 21:36:05'),(22,39,3,'2011-03-16 08:37:30','2012-04-20 19:43:31','2020-10-19 21:36:05'),(22,47,2,'2014-12-27 06:47:14','2011-11-10 12:48:53','2020-10-19 21:36:05'),(23,57,2,'2018-02-21 21:45:34','2019-07-18 13:53:22','2020-10-19 21:36:05'),(23,95,1,'2019-09-09 17:14:10','2019-10-09 19:54:55','2020-10-19 21:36:05'),(27,3,3,'2012-03-28 15:38:25','2019-10-09 23:00:33','2020-10-19 21:36:05'),(27,17,1,'2019-04-28 10:51:20','2016-10-03 15:31:35','2020-10-19 21:36:05'),(27,53,2,'2019-01-13 14:05:10','2018-10-17 02:14:44','2020-10-19 21:36:05'),(27,59,3,'2011-12-24 05:57:35','2019-10-30 01:07:35','2020-10-19 21:36:05'),(27,90,3,'2012-04-30 22:53:09','2015-02-05 04:41:07','2020-10-19 21:36:05'),(28,35,3,'2011-11-13 02:47:59','2015-02-13 14:28:30','2020-10-19 21:36:05'),(30,55,3,'2015-11-24 12:47:43','2017-07-22 14:16:07','2020-10-19 21:36:05'),(31,71,1,'2019-02-19 08:36:19','2014-06-07 10:02:05','2020-10-19 21:36:05'),(33,57,3,'2011-06-18 22:12:48','2018-04-10 22:39:17','2020-10-19 21:36:05'),(35,45,3,'2013-12-17 19:04:18','2012-07-10 21:20:46','2020-10-19 21:36:05'),(37,9,3,'2014-03-10 18:24:46','2012-06-14 02:36:35','2020-10-19 21:36:05'),(37,26,1,'2015-03-16 18:10:56','2020-02-12 05:49:37','2020-10-19 21:36:05'),(37,97,2,'2018-09-09 17:03:01','2012-04-04 10:05:07','2020-10-19 21:36:05'),(39,88,2,'2018-10-31 23:07:11','2015-11-08 09:15:51','2020-10-19 21:36:05'),(40,44,3,'2014-02-16 17:31:23','2012-05-26 17:03:31','2020-10-19 21:36:05'),(41,1,3,'2018-10-12 14:32:27','2015-04-18 12:56:59','2020-10-19 21:36:05'),(41,24,2,'2018-01-04 17:09:47','2018-07-19 18:45:19','2020-10-19 21:36:05'),(43,6,3,'2019-09-28 19:34:06','2018-08-01 07:18:43','2020-10-19 21:36:05'),(44,30,3,'2016-02-23 20:45:53','2017-07-03 02:01:28','2020-10-19 21:36:05'),(45,42,1,'2015-09-09 23:06:51','2014-01-09 15:44:27','2020-10-19 21:36:05'),(47,70,1,'2013-07-18 14:58:44','2018-10-10 12:03:16','2020-10-19 21:36:05'),(48,22,1,'2020-10-06 01:41:32','2014-07-27 23:29:26','2020-10-19 21:36:05'),(54,61,1,'2015-12-11 07:23:23','2015-08-06 14:31:56','2020-10-19 21:36:05'),(55,88,1,'2019-08-14 12:23:01','2015-03-09 00:51:42','2020-10-19 21:36:05'),(56,18,2,'2018-04-05 20:58:16','2014-12-12 05:13:59','2020-10-19 21:36:05'),(57,6,2,'2014-04-24 15:35:13','2018-06-21 20:21:07','2020-10-19 21:36:05'),(57,66,1,'2018-04-13 17:04:23','2018-03-30 05:24:33','2020-10-19 21:36:05'),(58,15,2,'2019-04-16 05:39:01','2019-05-20 14:58:44','2020-10-19 21:36:05'),(58,76,1,'2014-01-24 11:48:43','2013-06-17 01:46:23','2020-10-19 21:36:05'),(58,91,3,'2018-08-03 05:22:09','2012-05-26 15:50:31','2020-10-19 21:36:05'),(60,87,2,'2017-02-14 15:39:05','2018-04-22 16:37:40','2020-10-19 21:36:05'),(61,6,2,'2012-06-02 09:38:09','2014-01-31 13:58:35','2020-10-19 21:36:05'),(61,61,1,'2017-08-21 09:46:34','2017-06-30 17:44:18','2020-10-19 21:36:05'),(62,76,2,'2020-01-23 03:05:46','2018-09-07 18:20:12','2020-10-19 21:36:05'),(63,51,2,'2015-11-29 22:56:30','2011-12-01 13:19:52','2020-10-19 21:36:05'),(65,70,1,'2015-10-02 21:42:39','2017-10-11 06:20:37','2020-10-19 21:36:05'),(65,73,2,'2011-06-25 14:12:45','2012-04-02 13:03:30','2020-10-19 21:36:05'),(66,92,1,'2020-04-16 20:15:39','2019-09-29 01:43:21','2020-10-19 21:36:05'),(67,3,3,'2018-07-04 06:14:37','2020-07-04 09:28:01','2020-10-19 21:36:05'),(67,44,1,'2016-02-02 14:30:00','2012-09-20 21:32:24','2020-10-19 21:36:05'),(68,45,3,'2010-12-04 02:12:17','2014-08-07 02:45:59','2020-10-19 21:36:05'),(68,69,2,'2020-07-14 20:24:50','2019-09-27 08:39:35','2020-10-19 21:36:05'),(68,70,2,'2012-07-16 21:45:14','2012-06-27 12:43:40','2020-10-19 21:36:05'),(69,28,2,'2010-12-09 03:12:58','2018-09-03 00:29:44','2020-10-19 21:36:05'),(69,57,2,'2017-08-30 10:14:43','2012-09-07 21:16:57','2020-10-19 21:36:05'),(70,14,3,'2013-08-16 22:57:59','2013-11-29 08:26:08','2020-10-19 21:36:05'),(71,98,2,'2013-12-29 16:32:28','2017-05-15 16:52:02','2020-10-19 21:36:05'),(72,49,2,'2019-05-07 15:33:14','2012-07-03 21:11:45','2020-10-19 21:36:05'),(72,97,2,'2017-12-07 14:34:15','2013-09-29 10:00:21','2020-10-19 21:36:05'),(74,68,3,'2011-05-10 19:25:42','2012-07-02 10:17:54','2020-10-19 21:36:05'),(74,79,2,'2016-10-10 15:54:28','2018-08-03 15:14:53','2020-10-19 21:36:05'),(75,11,3,'2018-04-26 02:38:37','2014-09-13 02:23:11','2020-10-19 21:36:05'),(76,55,2,'2013-12-25 04:46:11','2020-03-31 09:20:44','2020-10-19 21:36:05'),(77,91,2,'2014-12-03 06:57:17','2016-07-14 16:03:27','2020-10-19 21:36:05'),(78,92,1,'2020-03-21 03:26:47','2012-08-08 13:43:09','2020-10-19 21:36:05'),(79,44,1,'2016-04-24 18:05:04','2013-10-19 04:08:12','2020-10-19 21:36:05'),(80,29,1,'2017-04-12 02:02:28','2012-12-14 19:44:04','2020-10-19 21:36:05'),(80,97,1,'2018-09-01 02:33:42','2020-07-27 12:13:30','2020-10-19 21:36:05'),(81,33,2,'2011-03-28 07:03:40','2015-11-11 03:34:57','2020-10-19 21:36:05'),(81,73,3,'2019-10-09 18:11:57','2013-08-03 23:35:50','2020-10-19 21:36:05'),(83,43,2,'2020-08-17 17:53:31','2020-07-04 02:12:01','2020-10-19 21:36:05'),(85,58,2,'2012-08-18 03:42:11','2014-11-06 21:54:35','2020-10-19 21:36:05'),(85,65,1,'2013-09-15 00:53:21','2018-09-11 21:17:54','2020-10-19 21:36:05'),(91,51,3,'2013-10-11 03:08:31','2013-03-18 05:02:55','2020-10-19 21:36:05'),(91,60,2,'2014-11-25 01:33:27','2013-08-18 23:46:39','2020-10-19 21:36:05'),(94,40,1,'2016-10-10 01:27:26','2011-10-28 22:20:58','2020-10-19 21:36:05'),(97,10,1,'2012-06-28 22:56:41','2019-02-16 23:30:20','2020-10-19 21:36:05'),(97,52,1,'2015-08-22 14:23:08','2012-02-18 22:58:55','2020-10-19 21:36:05'),(100,32,1,'2012-05-04 16:11:33','2013-04-18 15:32:32','2020-10-19 21:36:05'),(100,55,2,'2018-03-21 12:06:17','2017-08-02 05:09:40','2020-10-19 21:36:05'),(100,69,1,'2018-03-07 21:34:29','2015-02-12 22:48:52','2020-10-19 21:36:05'),(100,98,3,'2017-07-24 17:35:20','2017-09-23 13:46:57','2020-10-19 21:36:05');
/*!40000 ALTER TABLE `friendships` ENABLE KEYS */;
UNLOCK TABLES;

--
-- Table structure for table `media`
--

DROP TABLE IF EXISTS `media`;
/*!40101 SET @saved_cs_client     = @@character_set_client */;
/*!50503 SET character_set_client = utf8mb4 */;
CREATE TABLE `media` (
  `id` int unsigned NOT NULL AUTO_INCREMENT COMMENT 'Идентификатор строки',
  `user_id` int unsigned NOT NULL COMMENT 'Ссылка на пользователя, который загрузил файл',
  `filename` varchar(255) CHARACTER SET utf8 COLLATE utf8_unicode_ci NOT NULL COMMENT 'Путь к файлу',
  `size` int NOT NULL COMMENT 'Размер файла',
  `metadata` json DEFAULT NULL,
  `media_type_id` int unsigned NOT NULL COMMENT 'Ссылка на тип контента',
  `created_at` datetime DEFAULT CURRENT_TIMESTAMP COMMENT 'Время создания строки',
  `updated_at` datetime DEFAULT CURRENT_TIMESTAMP ON UPDATE CURRENT_TIMESTAMP COMMENT 'Время обновления строки',
  PRIMARY KEY (`id`),
  CONSTRAINT `media_chk_1` CHECK (json_valid(`metadata`))
) ENGINE=InnoDB AUTO_INCREMENT=101 DEFAULT CHARSET=utf8 COLLATE=utf8_unicode_ci COMMENT='Медиафайлы';
/*!40101 SET character_set_client = @saved_cs_client */;

--
-- Dumping data for table `media`
--

LOCK TABLES `media` WRITE;
/*!40000 ALTER TABLE `media` DISABLE KEYS */;
INSERT INTO `media` VALUES (1,51,'http://dropbox.net/vk/Cummerata.png',11725814,'{\"owner\": \"Candelario Kutch\"}',1,'2014-07-30 04:37:11','2020-10-19 21:21:47'),(2,88,'http://dropbox.net/vk/Goldner.mpeg4',255748047,'{\"owner\": \"Amelie Barrows\"}',1,'2012-03-27 03:04:26','2020-10-19 21:29:05'),(3,89,'http://dropbox.net/vk/Reichert.mpeg4',951600755,'{\"owner\": \"Blaze Von\"}',1,'2014-11-21 23:20:16','2020-10-19 21:29:05'),(4,78,'http://dropbox.net/vk/Fahey.mpeg4',990749668,'{\"owner\": \"Mateo Hoeger\"}',1,'2020-10-07 10:17:12','2020-10-19 21:21:47'),(5,24,'http://dropbox.net/vk/Effertz.png',9820,'{\"owner\": \"Alphonso Gerlach\"}',2,'2019-01-17 06:33:02','2020-10-19 21:21:47'),(6,85,'http://dropbox.net/vk/Denesik.mpeg4',5507770,'{\"owner\": \"John Schneider\"}',3,'2011-01-25 16:36:07','2020-10-19 21:21:47'),(7,51,'http://dropbox.net/vk/Terry.jpeg',65518733,'{\"owner\": \"Candelario Kutch\"}',1,'2017-01-13 08:31:48','2020-10-19 21:21:47'),(8,2,'http://dropbox.net/vk/Rau.mpeg4',4942860,'{\"owner\": \"Alden Grady\"}',1,'2013-05-28 18:50:32','2020-10-19 21:29:05'),(9,55,'http://dropbox.net/vk/Hettinger.png',60027,'{\"owner\": \"Faustino Rippin\"}',3,'2011-01-27 20:37:28','2020-10-19 21:21:47'),(10,69,'http://dropbox.net/vk/Feil.jpeg',98936106,'{\"owner\": \"Ebony Walsh\"}',3,'2020-04-25 17:16:35','2020-10-19 21:29:05'),(11,79,'http://dropbox.net/vk/Bernhard.png',522421557,'{\"owner\": \"Clement Hilll\"}',2,'2011-07-27 04:58:33','2020-10-19 21:21:47'),(12,86,'http://dropbox.net/vk/Larson.mpeg4',315289498,'{\"owner\": \"Silas Rosenbaum\"}',2,'2014-04-04 22:45:02','2020-10-19 21:29:05'),(13,96,'http://dropbox.net/vk/Nicolas.mp3',556363946,'{\"owner\": \"Merritt Morar\"}',2,'2020-03-30 16:39:18','2020-10-19 21:29:05'),(14,19,'http://dropbox.net/vk/Wiegand.png',9172848,'{\"owner\": \"Elna Lang\"}',2,'2016-05-30 16:38:16','2020-10-19 21:21:47'),(15,6,'http://dropbox.net/vk/Green.png',7030,'{\"owner\": \"Casey Blick\"}',2,'2012-03-04 09:07:20','2020-10-19 21:29:05'),(16,75,'http://dropbox.net/vk/Morar.jpeg',66134782,'{\"owner\": \"Emery Goldner\"}',2,'2013-08-29 00:03:40','2020-10-19 21:29:05'),(17,57,'http://dropbox.net/vk/Cummerata.jpeg',28998215,'{\"owner\": \"Emmalee Wiegand\"}',1,'2017-08-20 07:57:23','2020-10-19 21:29:05'),(18,57,'http://dropbox.net/vk/Glover.jpeg',99985780,'{\"owner\": \"Emmalee Wiegand\"}',1,'2015-10-15 18:03:51','2020-10-19 21:29:05'),(19,15,'http://dropbox.net/vk/Russel.mpeg4',1487,'{\"owner\": \"Elizabeth Schmitt\"}',2,'2013-03-23 17:28:25','2020-10-19 21:29:05'),(20,2,'http://dropbox.net/vk/Zulauf.png',37900,'{\"owner\": \"Alden Grady\"}',3,'2016-07-06 23:42:12','2020-10-19 21:29:05'),(21,64,'http://dropbox.net/vk/Carter.png',116608,'{\"owner\": \"Delaney Blick\"}',2,'2016-07-26 16:04:31','2020-10-19 21:29:05'),(22,15,'http://dropbox.net/vk/Blick.jpeg',464699271,'{\"owner\": \"Elizabeth Schmitt\"}',3,'2016-02-23 21:09:28','2020-10-19 21:29:05'),(23,82,'http://dropbox.net/vk/Glover.mp3',547028282,'{\"owner\": \"Lina Bruen\"}',3,'2016-06-09 13:30:18','2020-10-19 21:29:05'),(24,66,'http://dropbox.net/vk/Rosenbaum.png',30062506,'{\"owner\": \"Christian Bernhard\"}',1,'2016-08-13 13:55:17','2020-10-19 21:29:05'),(25,84,'http://dropbox.net/vk/Carter.jpeg',5197,'{\"owner\": \"Kiana Marvin\"}',2,'2018-06-23 11:46:36','2020-10-19 21:29:05'),(26,20,'http://dropbox.net/vk/Gerlach.mpeg4',472400387,'{\"owner\": \"Elisha Franecki\"}',1,'2019-07-13 01:01:47','2020-10-19 21:29:05'),(27,50,'http://dropbox.net/vk/Kling.mp3',62034626,'{\"owner\": \"Aleen Mills\"}',3,'2012-03-17 01:08:11','2020-10-19 21:21:47'),(28,86,'http://dropbox.net/vk/Hessel.mpeg4',892962002,'{\"owner\": \"Silas Rosenbaum\"}',3,'2019-11-04 23:58:28','2020-10-19 21:29:05'),(29,81,'http://dropbox.net/vk/Green.jpeg',192418,'{\"owner\": \"Ryann Towne\"}',2,'2010-10-25 04:42:58','2020-10-19 21:21:47'),(30,47,'http://dropbox.net/vk/Hilll.mpeg4',278696162,'{\"owner\": \"Elnora Stark\"}',3,'2012-01-01 11:05:13','2020-10-19 21:21:47'),(31,89,'http://dropbox.net/vk/Stark.mpeg4',360605,'{\"owner\": \"Blaze Von\"}',3,'2013-09-20 01:37:01','2020-10-19 21:29:05'),(32,6,'http://dropbox.net/vk/Towne.png',398666908,'{\"owner\": \"Casey Blick\"}',2,'2011-03-19 15:55:30','2020-10-19 21:21:47'),(33,63,'http://dropbox.net/vk/Hermann.png',111566,'{\"owner\": \"Kellie Larson\"}',1,'2017-04-24 22:34:21','2020-10-19 21:29:05'),(34,96,'http://dropbox.net/vk/Herzog.mp3',714584834,'{\"owner\": \"Merritt Morar\"}',2,'2015-03-31 19:16:41','2020-10-19 21:29:05'),(35,89,'http://dropbox.net/vk/Hickle.png',736825718,'{\"owner\": \"Blaze Von\"}',3,'2017-12-12 12:04:39','2020-10-19 21:29:05'),(36,56,'http://dropbox.net/vk/Lesch.mp3',540364119,'{\"owner\": \"Hilbert Hermann\"}',2,'2013-08-23 00:13:43','2020-10-19 21:29:05'),(37,13,'http://dropbox.net/vk/Spencer.jpeg',35032699,'{\"owner\": \"Odie O\'Hara\"}',2,'2013-08-02 21:04:30','2020-10-19 21:29:05'),(38,98,'http://dropbox.net/vk/Christiansen.mp3',379875,'{\"owner\": \"Flo Kihn\"}',3,'2013-10-19 23:22:48','2020-10-19 21:29:05'),(39,49,'http://dropbox.net/vk/Bruen.png',816177564,'{\"owner\": \"Sedrick Rau\"}',3,'2013-07-13 17:38:28','2020-10-19 21:21:47'),(40,52,'http://dropbox.net/vk/Wiegand.mpeg4',491333470,'{\"owner\": \"Darian Green\"}',2,'2016-04-18 20:43:47','2020-10-19 21:29:05'),(41,13,'http://dropbox.net/vk/Morar.mpeg4',892732742,'{\"owner\": \"Odie O\'Hara\"}',2,'2018-02-06 03:11:18','2020-10-19 21:21:47'),(42,8,'http://dropbox.net/vk/Prohaska.jpeg',1951,'{\"owner\": \"Malvina Ratke\"}',3,'2020-07-31 10:20:25','2020-10-19 21:21:47'),(43,100,'http://dropbox.net/vk/Zulauf.mp3',835565026,'{\"owner\": \"Stone Moen\"}',2,'2011-04-23 13:46:23','2020-10-19 21:29:05'),(44,77,'http://dropbox.net/vk/Schneider.png',703814749,'{\"owner\": \"Corine Spencer\"}',2,'2011-12-07 01:42:21','2020-10-19 21:21:47'),(45,85,'http://dropbox.net/vk/Goldner.png',12368700,'{\"owner\": \"John Schneider\"}',3,'2012-03-17 20:20:36','2020-10-19 21:21:47'),(46,93,'http://dropbox.net/vk/Franecki.mp3',87742,'{\"owner\": \"Grant Hickle\"}',2,'2016-07-21 09:53:45','2020-10-19 21:29:05'),(47,10,'http://dropbox.net/vk/Hermann.mpeg4',6342372,'{\"owner\": \"Kade Oberbrunner\"}',2,'2014-04-13 13:20:05','2020-10-19 21:21:47'),(48,71,'http://dropbox.net/vk/Zieme.mp3',101114747,'{\"owner\": \"Jerrod Cummerata\"}',3,'2011-09-03 19:43:19','2020-10-19 21:21:47'),(49,23,'http://dropbox.net/vk/Moen.mpeg4',43519076,'{\"owner\": \"Camren Zieme\"}',3,'2020-08-09 02:08:23','2020-10-19 21:29:05'),(50,100,'http://dropbox.net/vk/Terry.jpeg',950389285,'{\"owner\": \"Stone Moen\"}',2,'2020-07-13 11:05:12','2020-10-19 21:21:47'),(51,32,'http://dropbox.net/vk/Greenfelder.png',846927497,'{\"owner\": \"Floy Carter\"}',1,'2014-10-06 21:03:20','2020-10-19 21:29:05'),(52,58,'http://dropbox.net/vk/Torp.png',714830357,'{\"owner\": \"Shanny Glover\"}',1,'2012-04-29 23:22:46','2020-10-19 21:21:47'),(53,94,'http://dropbox.net/vk/Larson.jpeg',35923,'{\"owner\": \"Amira Runte\"}',2,'2016-04-23 20:39:33','2020-10-19 21:21:47'),(54,98,'http://dropbox.net/vk/Borer.png',722973961,'{\"owner\": \"Flo Kihn\"}',3,'2018-02-21 10:48:05','2020-10-19 21:21:47'),(55,4,'http://dropbox.net/vk/Hilll.mp3',470368765,'{\"owner\": \"Haven Rosenbaum\"}',2,'2014-09-08 05:41:56','2020-10-19 21:29:05'),(56,27,'http://dropbox.net/vk/Grady.png',182911972,'{\"owner\": \"Monserrat Schmeler\"}',2,'2019-11-19 16:14:03','2020-10-19 21:21:47'),(57,24,'http://dropbox.net/vk/Hickle.mpeg4',53179,'{\"owner\": \"Alphonso Gerlach\"}',1,'2019-07-07 08:49:36','2020-10-19 21:29:05'),(58,39,'http://dropbox.net/vk/Bernhard.jpeg',21969,'{\"owner\": \"Nicklaus Effertz\"}',1,'2016-05-18 11:19:29','2020-10-19 21:21:47'),(59,20,'http://dropbox.net/vk/Stark.mp3',570889,'{\"owner\": \"Elisha Franecki\"}',3,'2013-01-09 15:47:27','2020-10-19 21:29:05'),(60,85,'http://dropbox.net/vk/Toy.mpeg4',743166,'{\"owner\": \"John Schneider\"}',1,'2017-01-25 15:05:24','2020-10-19 21:29:05'),(61,64,'http://dropbox.net/vk/Hickle.mpeg4',30906,'{\"owner\": \"Delaney Blick\"}',2,'2016-04-05 22:50:40','2020-10-19 21:29:05'),(62,65,'http://dropbox.net/vk/Russel.mpeg4',503443595,'{\"owner\": \"Elmo Weimann\"}',1,'2010-11-18 08:19:22','2020-10-19 21:29:05'),(63,34,'http://dropbox.net/vk/Hettinger.mp3',1158002,'{\"owner\": \"Jarrod Greenfelder\"}',3,'2013-01-26 15:15:52','2020-10-19 21:21:47'),(64,72,'http://dropbox.net/vk/Torp.jpeg',8338,'{\"owner\": \"Luciano Kemmer\"}',2,'2010-11-30 01:37:36','2020-10-19 21:29:05'),(65,57,'http://dropbox.net/vk/Kihn.jpeg',968472093,'{\"owner\": \"Emmalee Wiegand\"}',3,'2019-01-24 23:24:47','2020-10-19 21:29:05'),(66,70,'http://dropbox.net/vk/Prohaska.mpeg4',332019711,'{\"owner\": \"Eleanora Torp\"}',2,'2018-11-12 01:59:16','2020-10-19 21:29:05'),(67,78,'http://dropbox.net/vk/Schmidt.mpeg4',607167654,'{\"owner\": \"Mateo Hoeger\"}',2,'2015-03-22 06:09:49','2020-10-19 21:29:05'),(68,80,'http://dropbox.net/vk/Hettinger.jpeg',73388,'{\"owner\": \"Adonis Marquardt\"}',1,'2014-03-08 01:13:46','2020-10-19 21:29:05'),(69,64,'http://dropbox.net/vk/Smith.mpeg4',13440060,'{\"owner\": \"Delaney Blick\"}',2,'2019-06-10 11:06:20','2020-10-19 21:29:05'),(70,80,'http://dropbox.net/vk/Borer.png',754672307,'{\"owner\": \"Adonis Marquardt\"}',2,'2011-09-06 23:30:58','2020-10-19 21:29:05'),(71,8,'http://dropbox.net/vk/Morissette.png',43302,'{\"owner\": \"Malvina Ratke\"}',2,'2017-12-16 20:28:58','2020-10-19 21:21:47'),(72,1,'http://dropbox.net/vk/O\'Hara.mp3',777292434,'{\"owner\": \"Cristobal Green\"}',1,'2012-09-11 07:37:31','2020-10-19 21:29:05'),(73,81,'http://dropbox.net/vk/Herzog.jpeg',622435279,'{\"owner\": \"Ryann Towne\"}',3,'2012-09-11 03:02:43','2020-10-19 21:29:05'),(74,1,'http://dropbox.net/vk/Torp.jpeg',780289123,'{\"owner\": \"Cristobal Green\"}',2,'2011-09-13 23:07:06','2020-10-19 21:21:47'),(75,60,'http://dropbox.net/vk/Schneider.jpeg',2572,'{\"owner\": \"Mark Thompson\"}',1,'2015-08-03 07:32:10','2020-10-19 21:29:05'),(76,96,'http://dropbox.net/vk/Schneider.jpeg',34129812,'{\"owner\": \"Merritt Morar\"}',3,'2014-07-15 21:52:52','2020-10-19 21:29:05'),(77,99,'http://dropbox.net/vk/Goldner.jpeg',829771722,'{\"owner\": \"Davon Russel\"}',3,'2019-04-20 02:21:17','2020-10-19 21:29:05'),(78,5,'http://dropbox.net/vk/Larson.mpeg4',46459206,'{\"owner\": \"Herman Lesch\"}',1,'2016-11-13 17:10:53','2020-10-19 21:29:05'),(79,31,'http://dropbox.net/vk/Lesch.jpeg',742970896,'{\"owner\": \"Chance Jacobson\"}',2,'2011-11-28 19:03:01','2020-10-19 21:29:05'),(80,39,'http://dropbox.net/vk/O\'Hara.jpeg',575466890,'{\"owner\": \"Nicklaus Effertz\"}',2,'2013-09-17 23:20:46','2020-10-19 21:21:47'),(81,2,'http://dropbox.net/vk/Hettinger.jpeg',26079,'{\"owner\": \"Alden Grady\"}',3,'2014-11-08 06:37:58','2020-10-19 21:21:47'),(82,92,'http://dropbox.net/vk/Goldner.png',648411796,'{\"owner\": \"Willow Hessel\"}',3,'2019-05-10 16:57:18','2020-10-19 21:29:05'),(83,53,'http://dropbox.net/vk/Barrows.mpeg4',515648340,'{\"owner\": \"Nick Metz\"}',1,'2017-09-19 21:10:01','2020-10-19 21:29:05'),(84,91,'http://dropbox.net/vk/Morissette.jpeg',4923353,'{\"owner\": \"Elmer Goldner\"}',3,'2015-10-20 15:40:28','2020-10-19 21:21:47'),(85,93,'http://dropbox.net/vk/Weimann.png',632996344,'{\"owner\": \"Grant Hickle\"}',1,'2015-12-07 18:56:36','2020-10-19 21:21:47'),(86,92,'http://dropbox.net/vk/Greenfelder.jpeg',8547104,'{\"owner\": \"Willow Hessel\"}',3,'2016-10-04 19:12:53','2020-10-19 21:29:05'),(87,80,'http://dropbox.net/vk/Runte.mp3',618026733,'{\"owner\": \"Adonis Marquardt\"}',1,'2017-05-21 01:16:43','2020-10-19 21:29:05'),(88,24,'http://dropbox.net/vk/Kemmer.jpeg',59498615,'{\"owner\": \"Alphonso Gerlach\"}',2,'2016-04-13 06:21:13','2020-10-19 21:29:05'),(89,80,'http://dropbox.net/vk/Smith.mpeg4',289770558,'{\"owner\": \"Adonis Marquardt\"}',2,'2011-06-19 13:31:35','2020-10-19 21:21:47'),(90,29,'http://dropbox.net/vk/Jacobson.mp3',989269386,'{\"owner\": \"Rupert Barrows\"}',1,'2016-09-19 15:17:28','2020-10-19 21:29:05'),(91,4,'http://dropbox.net/vk/Kihn.jpeg',191134662,'{\"owner\": \"Haven Rosenbaum\"}',3,'2016-06-08 01:58:32','2020-10-19 21:29:05'),(92,31,'http://dropbox.net/vk/Nicolas.mp3',101583145,'{\"owner\": \"Chance Jacobson\"}',2,'2019-07-03 09:35:18','2020-10-19 21:21:47'),(93,43,'http://dropbox.net/vk/Kilback.png',24821,'{\"owner\": \"Anissa Weimann\"}',3,'2019-09-13 16:59:05','2020-10-19 21:21:47'),(94,23,'http://dropbox.net/vk/Green.png',303972,'{\"owner\": \"Camren Zieme\"}',2,'2017-12-28 16:40:11','2020-10-19 21:29:05'),(95,83,'http://dropbox.net/vk/O\'Hara.mpeg4',61104,'{\"owner\": \"Javon Metz\"}',1,'2015-08-20 15:07:36','2020-10-19 21:29:05'),(96,46,'http://dropbox.net/vk/Schmeler.jpeg',934501767,'{\"owner\": \"Marilie Ullrich\"}',2,'2013-01-14 11:17:59','2020-10-19 21:29:05'),(97,81,'http://dropbox.net/vk/Hilll.mpeg4',70047211,'{\"owner\": \"Ryann Towne\"}',1,'2016-11-13 12:10:41','2020-10-19 21:21:47'),(98,67,'http://dropbox.net/vk/Goldner.jpeg',367749432,'{\"owner\": \"Dawn Feil\"}',2,'2011-01-21 06:20:16','2020-10-19 21:21:47'),(99,91,'http://dropbox.net/vk/Barrows.jpeg',25556,'{\"owner\": \"Elmer Goldner\"}',1,'2015-02-17 06:50:07','2020-10-19 21:29:05'),(100,54,'http://dropbox.net/vk/Metz.mpeg4',77627167,'{\"owner\": \"Carmela Franecki\"}',1,'2013-09-28 20:23:30','2020-10-19 21:21:47');
/*!40000 ALTER TABLE `media` ENABLE KEYS */;
UNLOCK TABLES;

--
-- Table structure for table `media_types`
--

DROP TABLE IF EXISTS `media_types`;
/*!40101 SET @saved_cs_client     = @@character_set_client */;
/*!50503 SET character_set_client = utf8mb4 */;
CREATE TABLE `media_types` (
  `id` int unsigned NOT NULL AUTO_INCREMENT COMMENT 'Идентификатор строки',
  `name` varchar(255) CHARACTER SET utf8 COLLATE utf8_unicode_ci NOT NULL COMMENT 'Название типа',
  `created_at` datetime DEFAULT CURRENT_TIMESTAMP COMMENT 'Время создания строки',
  `updated_at` datetime DEFAULT CURRENT_TIMESTAMP ON UPDATE CURRENT_TIMESTAMP COMMENT 'Время обновления строки',
  PRIMARY KEY (`id`),
  UNIQUE KEY `name` (`name`)
) ENGINE=InnoDB AUTO_INCREMENT=4 DEFAULT CHARSET=utf8 COLLATE=utf8_unicode_ci COMMENT='Типы медиафайлов';
/*!40101 SET character_set_client = @saved_cs_client */;

--
-- Dumping data for table `media_types`
--

LOCK TABLES `media_types` WRITE;
/*!40000 ALTER TABLE `media_types` DISABLE KEYS */;
INSERT INTO `media_types` VALUES (1,'image','2020-10-19 21:27:47','2020-10-19 21:27:47'),(2,'video','2020-10-19 21:27:47','2020-10-19 21:27:47'),(3,'audio','2020-10-19 21:27:47','2020-10-19 21:27:47');
/*!40000 ALTER TABLE `media_types` ENABLE KEYS */;
UNLOCK TABLES;

--
-- Table structure for table `messages`
--

DROP TABLE IF EXISTS `messages`;
/*!40101 SET @saved_cs_client     = @@character_set_client */;
/*!50503 SET character_set_client = utf8mb4 */;
CREATE TABLE `messages` (
  `id` int unsigned NOT NULL AUTO_INCREMENT COMMENT 'Идентификатор строки',
  `from_user_id` int unsigned NOT NULL COMMENT 'Ссылка на отправителя сообщения',
  `to_user_id` int unsigned NOT NULL COMMENT 'Ссылка на получателя сообщения',
  `body` text CHARACTER SET utf8 COLLATE utf8_unicode_ci NOT NULL COMMENT 'Текст сообщения',
  `is_important` tinyint(1) DEFAULT NULL COMMENT 'Признак важности',
  `is_delivered` tinyint(1) DEFAULT NULL COMMENT 'Признак доставки',
  `created_at` datetime DEFAULT CURRENT_TIMESTAMP COMMENT 'Время создания строки',
  `updated_at` datetime DEFAULT CURRENT_TIMESTAMP ON UPDATE CURRENT_TIMESTAMP COMMENT 'Время обновления строки',
  PRIMARY KEY (`id`)
) ENGINE=InnoDB AUTO_INCREMENT=101 DEFAULT CHARSET=utf8 COLLATE=utf8_unicode_ci COMMENT='Сообщения';
/*!40101 SET character_set_client = @saved_cs_client */;

--
-- Dumping data for table `messages`
--

LOCK TABLES `messages` WRITE;
/*!40000 ALTER TABLE `messages` DISABLE KEYS */;
INSERT INTO `messages` VALUES (1,62,51,'Mollitia sed qui aut non ut. Omnis voluptatum qui illum quidem vel voluptatibus. Sit quae enim fugiat sed. Earum et blanditiis atque in iste.',1,1,'2011-01-31 20:57:19','2020-10-19 21:06:32'),(2,71,99,'Sed hic omnis nulla et laboriosam. Tenetur maiores hic dolorum itaque. In dolores qui quam similique.',0,0,'2019-05-28 07:44:55','2020-10-19 21:06:32'),(3,85,24,'Ipsum amet non officiis dolorum fugiat. Occaecati odio fugit dicta suscipit. Incidunt deserunt nobis aliquam soluta nostrum perferendis.',0,1,'2018-11-22 11:21:33','2020-10-19 21:06:32'),(4,66,59,'Placeat voluptatibus culpa aut et et sint. Quis quaerat quas enim architecto accusamus in eius. Iste mollitia dolorem magni. Molestiae aut provident occaecati porro et.',1,0,'2016-05-27 09:38:24','2020-10-19 21:06:32'),(5,97,5,'Praesentium exercitationem occaecati dolor porro. Aut eligendi laboriosam nostrum aut et ex. Consequatur at et et asperiores doloribus repellat quis. Qui suscipit aut voluptatem soluta voluptates dolor. Sed omnis libero blanditiis cupiditate.',0,0,'2020-06-18 12:36:43','2020-10-19 21:06:32'),(6,33,51,'Sunt et qui qui tempore. Tempora quidem nihil ut dolor. Illo adipisci cupiditate beatae et officia. Soluta et aut natus eos. Nesciunt in quasi reprehenderit veritatis.',1,0,'2017-09-17 06:36:15','2020-10-19 21:06:32'),(7,53,15,'Aperiam repellat rem quis sit qui cum iste. Quam aut sed at labore officia enim nemo. Vero ipsum tenetur consequatur sit ipsa tenetur voluptatem.',0,1,'2017-07-29 23:55:07','2020-10-19 21:06:32'),(8,12,17,'Voluptatem ratione sit sunt tempora dolore. Accusamus et temporibus reiciendis veniam optio qui ducimus. Iste in pariatur adipisci sit aut laboriosam ipsa. Asperiores illo facere adipisci mollitia accusantium qui eos.',0,1,'2015-04-10 17:57:19','2020-10-19 21:06:32'),(9,49,92,'Velit nesciunt sit eos molestiae necessitatibus voluptatem molestiae. Repudiandae sunt modi sint laborum beatae. Quaerat pariatur et in ex laborum.',0,1,'2014-02-25 19:39:11','2020-10-19 21:06:32'),(10,15,97,'Aspernatur quia voluptatem consequuntur odit sit et. Qui velit beatae et. Magnam explicabo commodi blanditiis nesciunt sit consequuntur adipisci. Amet cumque error in. Repellat ut cum sit commodi aspernatur ullam.',0,1,'2017-06-11 06:41:35','2020-10-19 21:06:32'),(11,38,1,'Ea eveniet totam voluptatem consequatur quis sapiente. Rem sit veritatis similique suscipit dolorem. Ut fugit omnis aliquam facere. Quos iste inventore temporibus animi.',1,0,'2011-01-23 05:34:15','2020-10-19 21:06:32'),(12,88,38,'Consectetur sunt iusto ut rerum. Voluptate voluptatem non adipisci sint quasi. Sequi et autem facere eligendi dolore provident ipsam. Et aut molestiae eum totam et aperiam omnis. Aut quas eum ut.',0,1,'2016-01-26 05:38:17','2020-10-19 21:06:32'),(13,27,19,'Sunt est aut et atque et aut. Molestiae id est dolor dignissimos voluptatem. Quaerat ea id unde cum quia excepturi sit.',1,0,'2018-05-06 09:06:18','2020-10-19 21:06:32'),(14,12,3,'Animi dolor beatae eum ut quam provident sapiente. Sunt architecto tenetur perspiciatis voluptatum omnis fugit. Dolorem eveniet consequuntur dignissimos modi autem. Consequatur rerum sed cumque aut eligendi sed. Distinctio aut laboriosam omnis accusamus repudiandae.',0,0,'2015-09-15 23:37:40','2020-10-19 21:06:32'),(15,79,84,'Et voluptatem veniam ipsam accusantium consequatur totam molestiae. Voluptatem qui autem molestias voluptatem perspiciatis consequuntur. Et deleniti est unde molestiae quia et. Enim exercitationem ut et consequuntur dolorum placeat exercitationem ipsum.',0,1,'2010-11-30 15:28:25','2020-10-19 21:06:32'),(16,85,72,'Aut alias culpa officia fugit. Molestias officia eveniet aut ad dolorum beatae dolores. Fuga voluptatem voluptate omnis et recusandae molestiae et odio. Et perferendis officiis voluptas ut.',1,1,'2014-06-03 04:22:03','2020-10-19 21:06:32'),(17,5,9,'Voluptas adipisci voluptas quisquam quos. Ut possimus aut minima in. Aut cupiditate similique voluptas molestiae laudantium.',1,1,'2019-07-03 01:30:11','2020-10-19 21:06:32'),(18,28,14,'Sint nihil dolore fuga nobis quaerat fugiat. Quia provident ea architecto optio aut. Soluta cupiditate suscipit accusamus vel maiores.',1,1,'2017-09-14 19:31:21','2020-10-19 21:06:32'),(19,87,90,'Maxime minus rerum reprehenderit consequatur autem eos. Sed perferendis fugit quis sit.',0,0,'2019-09-22 18:03:11','2020-10-19 21:06:32'),(20,89,74,'Odit ratione sit aliquam voluptate vel accusantium dolorum. In itaque quos quia placeat architecto vitae.',0,0,'2011-02-24 06:28:09','2020-10-19 21:06:32'),(21,1,85,'Nam quia eveniet iste porro. Velit commodi distinctio repellendus voluptatem repellendus.',0,0,'2014-03-02 00:04:07','2020-10-19 21:06:32'),(22,19,40,'Nisi accusantium quia commodi dolores doloremque velit quia nisi. At dolores sunt inventore ipsam natus consequatur. Porro eaque fugiat voluptatem aliquam enim quisquam accusantium et.',1,1,'2012-02-18 02:48:06','2020-10-19 21:06:32'),(23,44,100,'Rerum est consectetur quos aut facere aut architecto. Sapiente blanditiis aut sunt exercitationem consequuntur. Qui laborum alias et officiis voluptatem cupiditate cum. Cupiditate dolores voluptatem sint qui enim aspernatur aut.',1,0,'2015-08-20 06:05:11','2020-10-19 21:06:32'),(24,67,36,'Adipisci dignissimos fuga vel et accusantium repellendus. Dolorem rerum quasi voluptas odit tenetur deserunt quia. Nisi doloribus praesentium at. Suscipit doloremque exercitationem aliquid modi reiciendis in.',1,0,'2010-11-08 19:41:41','2020-10-19 21:06:32'),(25,77,76,'Et velit voluptatem incidunt qui fugit. Et est voluptatibus ea consequatur. Aut veniam id repellendus magni corrupti autem.',0,0,'2011-07-19 16:52:01','2020-10-19 21:06:32'),(26,50,22,'Voluptatem qui sapiente recusandae quaerat et magni. Et consectetur soluta labore. Quasi temporibus numquam at animi laboriosam ad. Dolores quae ut modi architecto sed.',0,1,'2011-08-25 03:50:12','2020-10-19 21:06:32'),(27,60,35,'Sunt nisi ut et reiciendis et. A consequuntur dolores perferendis est. Aut cupiditate velit eligendi aspernatur.',0,1,'2018-11-24 15:21:59','2020-10-19 21:06:32'),(28,91,53,'Consequatur et quo cum corporis quam. Id explicabo facere dolor odit accusantium. Quasi neque consectetur corporis autem. Illo autem magni id est.',0,1,'2017-04-08 05:11:11','2020-10-19 21:06:32'),(29,88,83,'Architecto velit quo ipsum quibusdam. Enim accusantium eum quae iure cum quam laudantium. Consequatur molestiae est vitae repellendus aperiam. Occaecati qui voluptas quia odit a.',1,0,'2016-12-09 17:36:34','2020-10-19 21:06:32'),(30,49,95,'Inventore sint consequatur in voluptatem itaque quis. Magnam et minus sit debitis aut.',0,0,'2012-02-13 00:50:10','2020-10-19 21:06:32'),(31,27,51,'Perspiciatis deleniti mollitia quo reprehenderit reiciendis. Dolorum qui voluptates tempora est et. Vel deserunt quas eum fuga rerum consequatur illo.',1,1,'2013-04-03 04:56:13','2020-10-19 21:06:32'),(32,71,3,'Sit sit sed explicabo corporis vitae. Sed sapiente deleniti dolore omnis facilis. Tenetur ratione laboriosam et impedit et.',0,1,'2017-06-08 07:13:58','2020-10-19 21:06:32'),(33,2,1,'Qui voluptatem voluptatum optio est illo accusamus consectetur dolores. Debitis et consectetur enim sed ut omnis. Expedita quisquam numquam voluptas sit quis. Atque eos nobis rem vero.',0,1,'2020-09-27 04:57:24','2020-10-19 21:06:32'),(34,96,77,'Id dolorum iusto et autem eaque iure quam. Quasi provident soluta nihil qui molestiae quaerat. Esse aliquid architecto sint fuga officiis. Consequatur labore laboriosam modi quos atque.',1,0,'2015-10-13 22:25:51','2020-10-19 21:06:32'),(35,99,61,'Iste veniam dolorum quis officia voluptates esse debitis. Et incidunt itaque necessitatibus velit. Non et et tempora sit aut et. Labore iure autem ut asperiores.',1,1,'2014-01-02 15:03:06','2020-10-19 21:06:32'),(36,10,66,'Laboriosam voluptate eos eos voluptates. Et quae placeat voluptatem nemo natus unde voluptatem. Minima consequuntur sed recusandae quis in expedita. Laboriosam architecto laudantium sed et et cum. Autem corrupti a sint totam.',0,0,'2020-07-05 01:19:35','2020-10-19 21:06:32'),(37,97,88,'Quos dolore maiores quia eos itaque aliquid. Molestiae nemo amet dolorum et vero dolorum. Officia pariatur iste ut culpa qui. Omnis necessitatibus qui enim.',0,1,'2013-04-29 14:08:30','2020-10-19 21:06:32'),(38,47,72,'Dolor iure et vel sunt quasi voluptate cumque. Modi commodi quae eum provident. Eligendi voluptas porro voluptatem itaque.',1,0,'2017-08-02 13:08:46','2020-10-19 21:06:32'),(39,16,66,'Sit tenetur ratione nobis est non. Id delectus harum velit amet ad molestias ut. Laudantium consequatur dicta voluptas corrupti officiis commodi ipsam.',1,1,'2018-12-23 04:47:15','2020-10-19 21:06:32'),(40,83,14,'Rerum aliquam quasi magni vitae voluptatibus. Ipsa quaerat dicta omnis. Maiores veniam est fuga culpa voluptatem sunt quidem. Iste ut alias est consequatur ipsam qui.',0,0,'2014-07-02 06:07:14','2020-10-19 21:06:32'),(41,20,57,'Dignissimos natus omnis occaecati nobis porro. Sint eligendi qui consequuntur adipisci ducimus facilis debitis. Animi quae eos consequuntur.',0,1,'2011-10-25 15:09:55','2020-10-19 21:06:32'),(42,27,63,'Illum cupiditate excepturi et beatae voluptatem porro nam. Animi hic quos eaque et dolor vel officiis. Soluta et molestias nesciunt error praesentium. Impedit nihil explicabo voluptatem numquam ducimus.',0,0,'2016-02-28 14:46:50','2020-10-19 21:06:32'),(43,33,75,'Ipsam qui quibusdam eum possimus hic minus. Animi necessitatibus pariatur ut. Rerum repellendus sequi quia ut dolor est.',0,1,'2015-10-16 00:10:12','2020-10-19 21:06:32'),(44,78,62,'Autem et laboriosam quasi sequi est. Dolores placeat et consectetur neque rerum ut. Sed pariatur eligendi ullam et rerum necessitatibus. Veniam necessitatibus sit velit quis veniam sapiente eos et.',1,0,'2017-03-05 04:26:04','2020-10-19 21:06:32'),(45,76,93,'Qui libero voluptatem officiis iusto quia nulla ipsum. Culpa saepe tempore enim vitae qui necessitatibus ducimus. Maxime voluptatibus quas est incidunt error unde in. Voluptatem asperiores vel voluptatem aspernatur assumenda.',0,0,'2011-08-14 19:02:16','2020-10-19 21:06:32'),(46,36,100,'Aut doloremque itaque et id eum consectetur a. Hic officiis quis est rerum fuga quia. Sint voluptatem ipsum et quasi quo quos quos repellat.',0,1,'2016-09-17 07:11:25','2020-10-19 21:06:32'),(47,90,53,'Eum repellat consectetur voluptatem et. Sint aliquid qui ipsa excepturi ex delectus. Veritatis officia ut saepe alias qui corporis quod.',0,0,'2018-10-05 14:12:46','2020-10-19 21:06:32'),(48,93,6,'Sint odit voluptas accusamus eos. Aspernatur ut qui molestiae sit minima quia. Qui dolores qui dignissimos odio animi harum.',0,0,'2013-06-15 16:27:13','2020-10-19 21:06:32'),(49,49,28,'Praesentium animi aut molestias molestiae. Delectus incidunt aut est. Reprehenderit fugit rerum corrupti qui rerum aut. Nihil cum eius nam ea mollitia quos.',0,0,'2017-11-21 00:47:21','2020-10-19 21:06:32'),(50,93,78,'Minima et et quis sint soluta voluptas. Voluptas sapiente vel accusantium autem quod. Adipisci iste est autem nisi.',0,1,'2020-09-22 05:32:45','2020-10-19 21:06:32'),(51,12,25,'Molestias dicta animi necessitatibus consectetur beatae nihil repudiandae. Ratione in assumenda quidem. Ipsam earum excepturi sit veritatis eos.',1,1,'2020-01-25 09:07:09','2020-10-19 21:06:32'),(52,87,60,'Quaerat sint sed modi labore. Magni quidem suscipit perferendis odit nihil dolores. Illo velit cum suscipit et. Et corrupti a totam rerum iusto.',1,0,'2019-03-07 20:04:00','2020-10-19 21:06:32'),(53,39,13,'Accusantium voluptate optio numquam consequatur numquam aperiam. Et aut qui totam beatae quidem porro distinctio. Maiores ipsum at fugit labore aut. Aspernatur repudiandae ut id et nihil.',0,1,'2017-02-01 09:53:17','2020-10-19 21:06:32'),(54,50,9,'Voluptas dolor aut impedit necessitatibus amet facilis saepe. Numquam nulla dolorem animi dolor unde. Adipisci iure ut blanditiis. Voluptatem et unde quia culpa.',0,0,'2012-09-20 02:34:35','2020-10-19 21:06:32'),(55,96,51,'Quo temporibus assumenda tempora animi placeat dicta et distinctio. Commodi iste qui in maxime voluptas aut. Deserunt cumque dolorem sit. Explicabo eius quia suscipit.',0,1,'2012-04-27 01:40:32','2020-10-19 21:06:32'),(56,67,81,'Dicta et aut aut omnis aut dolorem. Explicabo beatae non totam. Est voluptatem modi occaecati distinctio facilis et.',1,1,'2010-12-09 15:11:19','2020-10-19 21:06:32'),(57,5,83,'Minima iure possimus est repudiandae eligendi commodi. Omnis rerum adipisci ad sed odit fugiat velit. Sapiente eaque illum consequatur vero.',1,1,'2010-12-07 06:29:34','2020-10-19 21:06:32'),(58,96,31,'Corrupti expedita aspernatur earum ab. Perferendis voluptatem facere modi voluptatibus tempora eos deleniti quae. Dolores enim aut nesciunt ratione harum consequatur.',0,0,'2015-12-14 12:24:50','2020-10-19 21:06:32'),(59,68,46,'Quod culpa voluptas ut velit. Ipsum quod ut consectetur veniam assumenda qui amet. Quo magni non voluptate. Tenetur repellendus et et dolor.',1,1,'2016-05-25 16:32:42','2020-10-19 21:06:32'),(60,26,90,'Quaerat temporibus ex modi. Nihil neque maxime minus necessitatibus quidem aliquam. Consectetur doloremque voluptates sed in molestiae neque dicta. Id numquam qui aperiam eum laudantium ducimus.',1,1,'2019-12-03 05:43:30','2020-10-19 21:06:32'),(61,70,82,'Dolorem repudiandae eligendi non vel aut aut nihil. Tenetur blanditiis incidunt perferendis officia consequatur non neque. Officia cumque beatae nesciunt at debitis est et. Numquam nam esse ut natus omnis.',0,0,'2013-02-20 12:34:19','2020-10-19 21:06:32'),(62,98,43,'Quisquam consequatur nesciunt voluptatem amet fugit earum. Hic nemo non possimus rerum rem vero. Possimus dignissimos consequatur id minus.',0,1,'2020-09-22 05:07:05','2020-10-19 21:06:32'),(63,22,78,'Ut eaque et autem animi aspernatur qui. Dolorem officia soluta ut officiis tempore. Repellat dolorum voluptatem voluptatibus ipsa quos. Soluta quasi omnis et rem.',1,1,'2017-04-03 05:03:55','2020-10-19 21:06:32'),(64,27,98,'Dolorem et eum libero accusamus odio. Est repudiandae omnis qui consequatur omnis doloribus rerum. Expedita consequatur accusamus autem ab. Voluptatem explicabo soluta repudiandae totam.',0,1,'2013-12-27 17:45:20','2020-10-19 21:06:32'),(65,11,61,'Saepe ea itaque ratione. Qui debitis voluptatum eveniet ducimus sed. Autem accusantium aut distinctio voluptatem consequatur consequuntur. Qui possimus eum officia in ut voluptas. Quia voluptatibus consequatur iure magni perferendis ratione harum.',1,1,'2019-05-14 17:34:39','2020-10-19 21:06:32'),(66,69,61,'Est atque quo dolor adipisci natus ea et eligendi. Aliquid est commodi excepturi. Est ullam totam quae labore mollitia laudantium. Recusandae neque sunt aut animi velit expedita.',0,0,'2016-12-23 15:57:04','2020-10-19 21:06:32'),(67,97,4,'Eveniet minima atque quia ea dolores facilis. Ab quisquam non velit corrupti consectetur.',1,1,'2016-11-01 16:06:09','2020-10-19 21:06:32'),(68,26,18,'In eos debitis corporis nihil perspiciatis at tempora. Incidunt et officiis laudantium harum.',0,0,'2013-04-08 20:51:06','2020-10-19 21:06:32'),(69,13,9,'Pariatur praesentium aliquam repellendus nisi. Animi inventore sit dolorem culpa ullam vero. Sint dolor minima quis distinctio nihil consequatur.',1,0,'2014-11-16 12:08:20','2020-10-19 21:06:32'),(70,8,9,'Rerum incidunt recusandae impedit accusamus aut maiores. Voluptatem omnis nam porro doloribus et itaque molestiae. Et deserunt fugiat facilis. Aliquam facere architecto eius.',1,1,'2012-02-21 10:15:49','2020-10-19 21:06:32'),(71,24,91,'Velit alias a nesciunt aut voluptas soluta est. Id inventore veritatis perspiciatis error. Quod incidunt magni tempore et consequuntur occaecati. Nam saepe ratione qui et id.',1,0,'2015-11-13 08:27:50','2020-10-19 21:06:32'),(72,81,32,'Eos asperiores aut distinctio et libero. Omnis sunt corporis dolore. Sed aperiam quasi suscipit nobis nesciunt maxime.',1,0,'2018-03-17 05:13:55','2020-10-19 21:06:32'),(73,18,93,'Velit dolorum consequatur dolorem expedita laborum. Accusamus voluptatibus pariatur et corrupti aspernatur. Sapiente aspernatur rem earum rerum. Voluptatem voluptatem sunt facilis provident animi.',0,1,'2018-02-16 09:04:04','2020-10-19 21:06:32'),(74,11,73,'Quam commodi quia facere voluptatem necessitatibus. Similique nam alias non. Quam accusamus corrupti eos perspiciatis quis.',1,1,'2011-02-26 05:50:44','2020-10-19 21:06:32'),(75,34,48,'Est at veniam voluptatum recusandae dolor asperiores. Quasi consequatur molestiae error maxime ut repudiandae doloremque.',0,1,'2020-08-03 23:23:08','2020-10-19 21:06:32'),(76,38,45,'Tempore laboriosam aliquid alias asperiores repellat iusto ipsa. Illo enim in nam occaecati reiciendis assumenda dicta. Minima aliquam amet optio eos esse odio. Rem voluptatem debitis et nobis facilis deleniti et.',0,1,'2019-08-03 15:27:07','2020-10-19 21:06:32'),(77,12,22,'Dicta molestiae fuga sunt eligendi et molestiae nihil. Beatae perferendis ad quis et. Voluptatem est nobis corrupti commodi et optio. Doloribus nam quia voluptatem non voluptatem occaecati ut odio.',0,1,'2014-08-29 10:44:15','2020-10-19 21:06:32'),(78,77,17,'Omnis ea doloribus provident velit omnis et incidunt. Aut molestias molestiae repudiandae a. Nihil natus harum voluptatem fuga. Quae sapiente fugiat ut.',0,0,'2019-11-06 06:14:03','2020-10-19 21:06:32'),(79,53,15,'Nihil dolorem dolorem quae sint accusamus sint nulla alias. Ut veritatis placeat quo sit ipsam. Magnam ipsam eius consequatur eaque expedita libero aut tenetur. Et aut blanditiis ex odio.',1,0,'2013-06-02 02:46:47','2020-10-19 21:06:32'),(80,14,27,'Qui facilis et tempore enim incidunt. Aut aut consequatur maxime id non sint. Ut et doloremque sit et vel at.',1,1,'2011-01-11 16:18:14','2020-10-19 21:06:32'),(81,90,69,'Natus et delectus libero quia. Molestias earum reprehenderit consequatur eum. Maiores voluptatem dolores et molestiae quis molestiae et aut.',1,1,'2010-11-16 11:54:04','2020-10-19 21:06:32'),(82,77,74,'Sit minima voluptas dicta temporibus voluptates consequuntur. Qui amet vel non unde in sequi aut. Magni inventore voluptatem perspiciatis explicabo dignissimos.',1,1,'2015-01-24 15:36:49','2020-10-19 21:06:32'),(83,39,72,'Ut animi perferendis iure nulla et quo. Quod cum inventore ut error. Maxime vitae sint est labore nihil. Est vel molestias consectetur voluptate animi. Iure velit numquam beatae magni blanditiis maxime.',0,0,'2011-12-22 18:39:32','2020-10-19 21:06:32'),(84,43,100,'Qui qui nobis placeat dolore hic perspiciatis. Tenetur vel ea et quia vero et vel. Nulla molestiae adipisci tempora qui aut eaque eius. Eum voluptas facilis ipsa aut dolorem quia. Nam occaecati provident velit aut.',1,0,'2015-09-04 22:38:20','2020-10-19 21:06:32'),(85,71,55,'Ipsam quas eaque possimus maiores recusandae sint. Quo porro quas omnis dolorem voluptatibus. Impedit itaque tempore tenetur deleniti eaque harum at.',1,1,'2020-02-01 15:06:46','2020-10-19 21:06:32'),(86,62,45,'Est id libero occaecati voluptas voluptatum sint nulla eius. Illum eos aspernatur nisi non. Fuga non rem provident exercitationem qui consequatur laborum. Optio commodi hic qui eaque qui temporibus recusandae.',0,0,'2018-08-17 18:03:29','2020-10-19 21:06:32'),(87,39,59,'Expedita architecto voluptatem rerum unde quis et magnam. Et saepe rerum exercitationem rerum repellat vero. Architecto voluptas nam ipsam quam voluptatem quisquam est.',1,0,'2013-10-20 02:56:21','2020-10-19 21:06:32'),(88,78,10,'Debitis ut aliquam deserunt in ea. Quia quidem recusandae iusto reprehenderit. Incidunt reiciendis nobis commodi facere repudiandae. Et et molestiae est quibusdam voluptas et dolorum.',1,0,'2013-09-02 19:33:45','2020-10-19 21:06:32'),(89,18,59,'Ex libero eaque doloremque fuga est esse et molestiae. Consequatur velit voluptatem assumenda qui. Quas consequatur ex quis dicta. Nisi omnis sint ducimus et qui nulla non.',1,1,'2018-10-25 23:13:14','2020-10-19 21:06:32'),(90,40,21,'Ipsa tempore rerum eaque omnis. Dolores fuga nisi quia dolores cupiditate quod cupiditate. Quia dignissimos nulla error nemo ut qui autem. Rerum commodi enim et est.',1,0,'2011-05-25 22:15:50','2020-10-19 21:06:32'),(91,86,68,'Odit ut provident ipsam magnam illo corrupti. Eius vel ut quod animi aut ut. Id qui pariatur sunt soluta commodi et minima.',0,1,'2018-06-25 20:53:16','2020-10-19 21:06:32'),(92,79,90,'Perspiciatis consequuntur laboriosam quisquam dolorum sit. Dolorem velit velit velit modi nam.',0,0,'2019-11-08 03:52:54','2020-10-19 21:06:32'),(93,12,91,'Quia eveniet mollitia iste consequatur odit reiciendis. Sunt hic qui excepturi voluptatem et quia odio. Delectus qui dolores cupiditate eius ab et sunt. Corrupti placeat et ut fugit dolorem.',1,1,'2013-10-29 07:48:10','2020-10-19 21:06:32'),(94,17,11,'Qui doloremque consequatur voluptatem accusamus qui voluptatum. Qui consequatur corporis repellendus ipsum amet consequatur nam. Doloremque ipsum facilis similique omnis.',0,0,'2013-01-06 09:46:33','2020-10-19 21:06:32'),(95,2,80,'Eveniet veniam hic placeat magnam recusandae. Labore sunt consectetur illo. Quos cupiditate ullam delectus modi vel.',0,0,'2019-03-25 14:01:53','2020-10-19 21:06:32'),(96,91,17,'Laudantium omnis consectetur et architecto sint tenetur. Laboriosam sit quos qui velit quae laudantium. Eum ullam omnis animi accusamus dolores omnis.',1,1,'2016-03-03 03:57:54','2020-10-19 21:06:32'),(97,10,98,'Sed et tenetur et minima explicabo amet ad. Sequi rerum quia sit aut non iste. Illum modi tempore fuga non aut voluptatem sed. Fugit voluptatem necessitatibus aperiam id aut distinctio sint.',0,0,'2011-03-30 23:43:46','2020-10-19 21:06:32'),(98,60,8,'Aspernatur eius quia est quia. Eum voluptas dolorem deleniti occaecati voluptate. Minus voluptatibus vero dolore quam ut.',0,0,'2011-11-14 12:18:11','2020-10-19 21:06:32'),(99,56,58,'Hic assumenda consequatur totam voluptatem dolor aut. Labore laboriosam mollitia repellat consequatur quia. Nostrum reprehenderit mollitia est voluptas consequatur. Minima et accusamus consectetur asperiores deserunt ullam. Non explicabo impedit et sed illum molestiae.',0,0,'2012-03-01 20:39:40','2020-10-19 21:06:32'),(100,19,22,'Vel similique itaque numquam soluta magnam modi dolore. Eum unde voluptatibus rerum cumque sequi. Reprehenderit placeat assumenda eligendi vero ut.',1,0,'2017-02-13 09:12:30','2020-10-19 21:06:32');
/*!40000 ALTER TABLE `messages` ENABLE KEYS */;
UNLOCK TABLES;

--
-- Table structure for table `profile_statuses`
--

DROP TABLE IF EXISTS `profile_statuses`;
/*!40101 SET @saved_cs_client     = @@character_set_client */;
/*!50503 SET character_set_client = utf8mb4 */;
CREATE TABLE `profile_statuses` (
  `id` int unsigned NOT NULL AUTO_INCREMENT COMMENT 'Идентификатор строки',
  `name` varchar(30) NOT NULL COMMENT 'Название статуса',
  `created_at` datetime DEFAULT CURRENT_TIMESTAMP COMMENT 'Время создания строки',
  `updated_at` datetime DEFAULT CURRENT_TIMESTAMP ON UPDATE CURRENT_TIMESTAMP COMMENT 'Время обновления строки',
  PRIMARY KEY (`id`),
  UNIQUE KEY `name` (`name`)
) ENGINE=InnoDB AUTO_INCREMENT=4 DEFAULT CHARSET=utf8mb4 COLLATE=utf8mb4_0900_ai_ci COMMENT='Статусы профилей';
/*!40101 SET character_set_client = @saved_cs_client */;

--
-- Dumping data for table `profile_statuses`
--

LOCK TABLES `profile_statuses` WRITE;
/*!40000 ALTER TABLE `profile_statuses` DISABLE KEYS */;
INSERT INTO `profile_statuses` VALUES (1,'active','2020-10-19 20:41:59','2020-10-19 20:41:59'),(2,'pending','2020-10-19 20:41:59','2020-10-19 20:41:59'),(3,'disables','2020-10-19 20:41:59','2020-10-19 20:41:59');
/*!40000 ALTER TABLE `profile_statuses` ENABLE KEYS */;
UNLOCK TABLES;

--
-- Table structure for table `profiles`
--

DROP TABLE IF EXISTS `profiles`;
/*!40101 SET @saved_cs_client     = @@character_set_client */;
/*!50503 SET character_set_client = utf8mb4 */;
CREATE TABLE `profiles` (
  `user_id` int unsigned NOT NULL COMMENT 'Ссылка на пользователя',
  `gender` enum('D','P','M') CHARACTER SET utf8 COLLATE utf8_unicode_ci NOT NULL,
  `birthday` date DEFAULT NULL COMMENT 'Дата рождения',
  `photo_id` int unsigned DEFAULT NULL COMMENT 'Ссылка на основную фотографию пользователя',
  `status_id` int unsigned NOT NULL COMMENT 'Идентификатор статуса',
  `city_id` int unsigned DEFAULT NULL,
  `created_at` datetime DEFAULT CURRENT_TIMESTAMP COMMENT 'Время создания строки',
  `updated_at` datetime DEFAULT CURRENT_TIMESTAMP ON UPDATE CURRENT_TIMESTAMP COMMENT 'Время обновления строки',
  PRIMARY KEY (`user_id`)
) ENGINE=InnoDB DEFAULT CHARSET=utf8 COLLATE=utf8_unicode_ci COMMENT='Профили';
/*!40101 SET character_set_client = @saved_cs_client */;

--
-- Dumping data for table `profiles`
--

LOCK TABLES `profiles` WRITE;
/*!40000 ALTER TABLE `profiles` DISABLE KEYS */;
INSERT INTO `profiles` VALUES (1,'D','1964-02-27',71,1,77,'2015-09-27 13:02:11','2020-10-19 20:57:21'),(2,'P','1948-11-24',61,1,52,'2014-07-17 14:22:40','2020-10-21 21:34:47'),(3,'M','1934-11-08',92,2,31,'2010-12-07 12:59:18','2020-10-21 21:35:08'),(4,'D','2002-04-30',76,1,95,'2017-12-14 10:20:11','2020-10-19 20:57:21'),(5,'P','2009-05-21',3,1,83,'2014-10-28 08:12:39','2020-10-21 21:34:47'),(6,'D','1942-01-11',88,3,29,'2020-02-10 15:48:31','2020-10-21 21:35:11'),(7,'D','1979-06-17',31,1,95,'2011-12-12 07:13:22','2020-10-19 20:57:21'),(8,'P','1923-11-24',90,1,89,'2018-01-16 17:27:31','2020-10-19 20:57:21'),(9,'D','1966-05-04',55,1,59,'2011-06-29 03:29:10','2020-10-19 20:57:21'),(10,'M','2019-09-28',5,1,27,'2016-12-05 21:41:52','2020-10-19 20:57:21'),(11,'D','1922-10-22',61,1,58,'2012-08-11 16:39:50','2020-10-19 20:57:21'),(12,'P','1922-08-30',87,1,9,'2020-08-19 01:10:14','2020-10-19 20:57:21'),(13,'D','1978-12-30',54,1,70,'2012-05-19 04:44:53','2020-10-19 20:57:21'),(14,'P','1945-10-25',7,1,25,'2016-04-03 01:16:24','2020-10-19 20:57:21'),(15,'D','1951-06-17',75,1,11,'2013-10-17 11:02:13','2020-10-19 20:57:21'),(16,'D','1983-06-21',51,1,79,'2016-10-31 04:41:45','2020-10-19 20:57:21'),(17,'D','1986-06-17',29,1,64,'2017-07-17 22:28:19','2020-10-19 20:57:21'),(18,'P','1972-08-31',91,1,83,'2011-09-12 13:17:15','2020-10-19 20:57:21'),(19,'P','1970-07-04',66,1,22,'2019-11-09 06:08:56','2020-10-19 20:57:21'),(20,'P','1948-07-23',60,1,59,'2013-08-25 21:45:08','2020-10-19 20:57:21'),(21,'M','1955-11-30',100,1,28,'2012-04-04 02:10:25','2020-10-19 20:57:21'),(22,'M','1990-07-30',19,2,65,'2018-12-02 21:10:11','2020-10-21 21:35:08'),(23,'M','1958-06-06',97,1,39,'2018-07-22 16:31:25','2020-10-19 20:57:21'),(24,'D','1986-11-04',26,1,2,'2012-02-16 05:37:31','2020-10-19 20:57:21'),(25,'P','1957-01-11',38,1,90,'2018-05-18 18:35:45','2020-10-19 20:57:21'),(26,'M','2020-06-29',10,1,46,'2017-03-29 21:31:05','2020-10-19 20:57:21'),(27,'M','1957-11-08',36,1,59,'2016-06-07 12:23:04','2020-10-19 20:57:21'),(28,'M','1961-12-07',51,1,56,'2018-11-23 00:52:32','2020-10-19 20:57:21'),(29,'P','1993-01-15',46,1,2,'2020-02-07 20:21:31','2020-10-19 20:57:21'),(30,'P','1954-12-15',75,1,43,'2018-04-01 08:22:58','2020-10-19 20:57:21'),(31,'D','1951-02-04',35,1,6,'2012-03-15 20:12:16','2020-10-19 20:57:21'),(32,'D','1928-07-31',53,3,2,'2016-09-11 19:23:27','2020-10-21 21:35:11'),(33,'P','1994-05-12',58,1,93,'2016-10-24 02:22:22','2020-10-19 20:57:21'),(34,'D','1968-06-24',29,1,59,'2016-01-20 13:55:08','2020-10-19 20:57:21'),(35,'P','1963-06-26',74,1,14,'2018-12-16 19:45:40','2020-10-19 20:57:21'),(36,'M','1975-02-08',80,1,94,'2011-09-05 01:01:38','2020-10-19 20:57:21'),(37,'P','1966-04-11',77,1,28,'2020-07-28 22:55:23','2020-10-19 20:57:21'),(38,'P','2009-02-12',47,1,57,'2017-04-09 05:05:53','2020-10-19 20:57:21'),(39,'D','1941-03-26',2,1,1,'2019-07-19 22:30:12','2020-10-19 20:57:21'),(40,'P','1992-03-20',70,1,32,'2014-03-22 13:22:48','2020-10-19 20:57:21'),(41,'P','1951-01-25',42,1,57,'2017-08-13 13:49:48','2020-10-19 20:57:21'),(42,'P','1943-04-02',99,1,87,'2019-11-13 14:45:25','2020-10-19 20:57:21'),(43,'M','1938-06-24',68,3,65,'2019-08-21 13:21:56','2020-10-21 21:35:11'),(44,'P','1954-02-04',42,1,61,'2012-06-29 23:08:10','2020-10-19 20:57:21'),(45,'D','1955-07-22',5,1,11,'2011-12-17 03:13:37','2020-10-19 20:57:21'),(46,'D','1973-07-27',98,1,73,'2020-06-05 18:47:32','2020-10-19 20:57:21'),(47,'M','1963-07-19',74,1,32,'2013-12-05 03:46:05','2020-10-19 20:57:21'),(48,'M','1942-05-17',75,1,41,'2013-07-28 19:22:48','2020-10-19 20:57:21'),(49,'M','2009-11-28',55,1,6,'2014-04-30 08:10:51','2020-10-19 20:57:21'),(50,'M','2019-03-14',47,1,8,'2017-03-04 19:30:47','2020-10-19 20:57:21'),(51,'D','1949-11-10',72,1,21,'2017-09-23 11:59:18','2020-10-19 20:57:21'),(52,'M','2006-08-01',19,1,79,'2013-10-10 15:19:23','2020-10-19 20:57:21'),(53,'D','1925-12-27',77,1,32,'2012-12-26 05:33:52','2020-10-19 20:57:21'),(54,'D','2010-05-18',27,1,21,'2013-10-10 20:52:30','2020-10-19 20:57:21'),(55,'P','2016-03-30',2,1,12,'2012-05-09 09:29:34','2020-10-19 20:57:21'),(56,'D','2014-04-03',31,2,94,'2012-11-01 21:46:03','2020-10-21 21:35:08'),(57,'D','1975-10-01',48,1,34,'2014-03-04 01:35:59','2020-10-19 20:57:21'),(58,'M','1974-01-06',44,1,89,'2014-09-01 08:46:08','2020-10-19 20:57:21'),(59,'D','1949-03-15',79,1,44,'2020-04-27 11:48:01','2020-10-19 20:57:21'),(60,'M','1950-08-14',62,1,49,'2017-04-17 18:22:45','2020-10-19 20:57:21'),(61,'D','1926-04-19',70,1,14,'2015-06-20 21:02:35','2020-10-19 20:57:21'),(62,'M','1943-06-21',66,1,22,'2018-09-27 10:20:47','2020-10-19 20:57:21'),(63,'M','1958-10-31',19,1,68,'2016-02-16 12:19:40','2020-10-19 20:57:21'),(64,'D','1992-12-25',98,1,74,'2016-05-15 01:56:54','2020-10-19 20:57:21'),(65,'D','1928-08-19',33,1,64,'2018-01-26 22:04:06','2020-10-21 21:34:47'),(66,'D','1982-04-22',68,1,97,'2014-08-11 06:41:47','2020-10-19 20:57:21'),(67,'D','2001-07-13',40,1,94,'2017-02-26 02:58:36','2020-10-19 20:57:21'),(68,'D','1979-11-15',98,1,77,'2017-08-24 17:10:06','2020-10-19 20:57:21'),(69,'P','2007-04-18',69,1,5,'2015-06-23 21:40:33','2020-10-19 20:57:21'),(70,'D','1963-09-10',52,1,90,'2016-12-28 15:44:12','2020-10-19 20:57:21'),(71,'P','1927-07-25',52,1,38,'2019-08-24 11:54:31','2020-10-19 20:57:21'),(72,'M','1944-07-28',3,1,18,'2011-03-03 20:41:23','2020-10-19 20:57:21'),(73,'D','1981-09-02',59,1,74,'2015-10-28 07:48:21','2020-10-19 20:57:21'),(74,'D','1922-12-04',85,1,18,'2018-03-17 19:46:20','2020-10-19 20:57:21'),(75,'P','1985-10-02',49,1,66,'2011-06-14 15:50:45','2020-10-19 20:57:21'),(76,'D','1929-07-05',88,1,74,'2018-04-21 15:41:31','2020-10-21 21:34:47'),(77,'D','1974-01-05',93,1,73,'2013-01-15 02:02:14','2020-10-19 20:57:21'),(78,'P','2009-08-08',100,2,43,'2017-01-23 15:18:42','2020-10-21 21:35:08'),(79,'P','1995-01-01',19,1,97,'2015-01-16 10:09:29','2020-10-19 20:57:21'),(80,'M','1930-03-28',97,1,52,'2015-07-13 16:37:11','2020-10-19 20:57:21'),(81,'D','1957-07-19',26,3,71,'2011-09-13 14:29:05','2020-10-21 21:35:11'),(82,'P','1994-03-31',41,1,99,'2017-12-20 15:24:03','2020-10-19 20:57:21'),(83,'M','2006-12-07',24,2,83,'2019-09-11 06:18:53','2020-10-21 21:35:08'),(84,'D','2012-10-03',98,1,15,'2013-07-30 10:52:51','2020-10-19 20:57:21'),(85,'D','1934-03-27',19,1,26,'2018-12-08 05:03:09','2020-10-19 20:57:21'),(86,'P','2018-04-21',98,1,86,'2020-03-19 16:42:52','2020-10-19 20:57:21'),(87,'D','1927-05-30',33,1,50,'2012-10-08 12:51:15','2020-10-19 20:57:21'),(88,'P','2003-12-25',71,3,93,'2018-10-25 14:06:32','2020-10-21 21:35:11'),(89,'D','1962-07-02',56,1,15,'2011-10-29 05:04:35','2020-10-21 21:34:47'),(90,'M','1992-01-18',66,1,96,'2016-09-10 09:54:09','2020-10-19 20:57:21'),(91,'P','1922-01-21',62,1,33,'2014-02-12 00:34:04','2020-10-19 20:57:21'),(92,'M','2005-11-15',12,1,77,'2016-04-08 19:48:08','2020-10-19 20:57:21'),(93,'M','1954-10-13',72,1,86,'2019-03-03 19:27:28','2020-10-21 21:34:47'),(94,'M','1970-12-04',23,1,97,'2017-09-20 07:22:21','2020-10-19 20:57:21'),(95,'P','2015-11-28',100,1,27,'2013-10-07 01:43:48','2020-10-19 20:57:21'),(96,'M','2014-02-10',30,1,42,'2017-12-28 05:58:49','2020-10-19 20:57:21'),(97,'D','1942-01-20',48,1,32,'2018-11-22 15:29:19','2020-10-19 20:57:21'),(98,'D','1976-09-24',52,1,30,'2014-05-10 05:00:23','2020-10-19 20:57:21'),(99,'D','1991-05-03',14,1,55,'2019-08-09 18:08:02','2020-10-19 20:57:21'),(100,'D','2012-03-30',15,1,86,'2012-05-26 10:01:54','2020-10-19 20:57:21');
/*!40000 ALTER TABLE `profiles` ENABLE KEYS */;
UNLOCK TABLES;

--
-- Table structure for table `users`
--

DROP TABLE IF EXISTS `users`;
/*!40101 SET @saved_cs_client     = @@character_set_client */;
/*!50503 SET character_set_client = utf8mb4 */;
CREATE TABLE `users` (
  `id` int unsigned NOT NULL AUTO_INCREMENT COMMENT 'Идентификатор строки',
  `first_name` varchar(100) CHARACTER SET utf8 COLLATE utf8_unicode_ci NOT NULL COMMENT 'Имя пользователя',
  `last_name` varchar(100) CHARACTER SET utf8 COLLATE utf8_unicode_ci NOT NULL COMMENT 'Фамилия пользователя',
  `email` varchar(100) CHARACTER SET utf8 COLLATE utf8_unicode_ci NOT NULL COMMENT 'Почта',
  `phone` varchar(100) CHARACTER SET utf8 COLLATE utf8_unicode_ci NOT NULL COMMENT 'Телефон',
  `created_at` datetime DEFAULT CURRENT_TIMESTAMP COMMENT 'Время создания строки',
  `updated_at` datetime DEFAULT CURRENT_TIMESTAMP ON UPDATE CURRENT_TIMESTAMP COMMENT 'Время обновления строки',
  PRIMARY KEY (`id`),
  UNIQUE KEY `email` (`email`),
  UNIQUE KEY `phone` (`phone`)
) ENGINE=InnoDB AUTO_INCREMENT=101 DEFAULT CHARSET=utf8 COLLATE=utf8_unicode_ci COMMENT='Пользователи';
/*!40101 SET character_set_client = @saved_cs_client */;

--
-- Dumping data for table `users`
--

LOCK TABLES `users` WRITE;
/*!40000 ALTER TABLE `users` DISABLE KEYS */;
INSERT INTO `users` VALUES (1,'Cristobal','Green','mante.floyd@example.org','05482264657','2018-07-15 17:52:07','2020-10-19 20:31:07'),(2,'Alden','Grady','reichmann@example.com','1-379-406-4934x863','2019-07-18 15:19:07','2020-10-19 20:31:07'),(3,'Georgianna','Schmidt','rahul.harris@example.net','1-077-119-9205','2018-07-08 01:48:07','2020-10-19 20:31:07'),(4,'Haven','Rosenbaum','margot.prohaska@example.com','+50(7)2558659663','2020-01-16 21:26:44','2020-10-19 20:31:07'),(5,'Herman','Lesch','elise61@example.com','1-563-608-9756x30301','2012-10-07 04:05:46','2020-10-19 20:31:07'),(6,'Casey','Blick','lurline29@example.com','(198)050-4859x020','2011-04-23 07:49:27','2012-12-23 19:54:38'),(7,'Eulalia','Herzog','waelchi.garnett@example.com','035-251-5681','2011-10-05 07:55:26','2020-10-19 20:31:07'),(8,'Malvina','Ratke','brennan63@example.com','1-667-046-2422','2020-10-08 14:58:22','2020-10-19 20:31:07'),(9,'Rylee','Zieme','anastasia.bauch@example.org','(229)223-9822','2014-05-20 10:50:58','2018-09-15 06:27:22'),(10,'Kade','Oberbrunner','waylon.gulgowski@example.net','005.055.9108x554','2020-05-30 19:15:56','2020-10-19 20:31:07'),(11,'Pearl','Hettinger','brianne.dicki@example.net','896-982-8185x868','2016-01-04 10:57:55','2016-04-21 12:50:14'),(12,'Darryl','Bruen','ianderson@example.com','03919055906','2020-02-12 21:58:13','2020-10-19 20:31:07'),(13,'Odie','O\'Hara','arnoldo.lang@example.com','678-884-1724x30798','2012-05-21 17:07:14','2019-12-22 15:32:33'),(14,'Prudence','Kuhn','myra.morissette@example.com','471.909.4884x12991','2013-09-03 23:50:21','2014-08-04 23:07:32'),(15,'Elizabeth','Schmitt','haleigh00@example.org','1-966-884-3986','2015-03-01 05:50:12','2020-10-19 20:31:07'),(16,'Claud','Hickle','robel.tiara@example.org','(806)465-4596x1929','2020-10-03 07:55:05','2020-10-19 20:31:07'),(17,'Alexanne','Medhurst','kole.hackett@example.org','761-540-0184x6415','2016-11-30 01:17:15','2018-06-07 18:19:27'),(18,'Laura','Quigley','clark.kessler@example.org','588.637.7275x75591','2018-12-31 12:32:33','2020-10-19 20:31:07'),(19,'Elna','Lang','tyreek.koelpin@example.org','990-382-7499','2020-02-13 06:38:24','2020-10-19 20:31:07'),(20,'Elisha','Franecki','timmy28@example.net','1-105-388-8756x694','2018-05-24 11:05:37','2020-10-19 20:31:07'),(21,'Aiyana','Christiansen','hayes.keagan@example.net','420.254.6892','2019-07-18 11:38:16','2020-10-19 20:31:07'),(22,'Camilla','Lueilwitz','ashlynn.lang@example.net','+50(5)9022859738','2019-04-26 11:39:55','2020-10-19 20:31:07'),(23,'Camren','Zieme','florencio85@example.org','219-489-2431x7336','2018-11-13 08:42:56','2020-03-26 10:22:54'),(24,'Alphonso','Gerlach','klein.gustave@example.com','734-059-4364','2011-12-30 08:20:29','2014-08-30 21:19:46'),(25,'Reid','Kling','georgianna.anderson@example.com','679.382.5358','2011-06-29 23:24:46','2020-10-19 20:31:07'),(26,'Aurore','Reichert','lynch.ressie@example.net','296-679-9423','2012-05-02 11:55:30','2018-08-17 04:08:57'),(27,'Monserrat','Schmeler','whand@example.org','035.648.7473','2010-11-15 02:43:29','2013-09-03 20:35:15'),(28,'Guido','Zulauf','clinton83@example.net','563.563.9993x5051','2017-01-15 00:12:40','2020-10-19 20:31:07'),(29,'Rupert','Barrows','towne.selmer@example.com','+84(2)6784450781','2014-09-20 03:23:27','2020-10-19 20:31:07'),(30,'Jon','Morar','jaycee.schumm@example.com','01529895027','2016-11-25 20:50:19','2019-05-26 07:53:46'),(31,'Chance','Jacobson','aglae.cormier@example.org','+93(9)0458861985','2011-04-21 08:04:14','2020-04-18 19:20:07'),(32,'Floy','Carter','vivian.schuppe@example.net','1-767-387-8470x7762','2016-07-23 10:33:11','2020-10-19 20:31:07'),(33,'Carolyne','Denesik','krajcik.daphne@example.net','08482107095','2018-01-17 23:18:15','2020-10-19 20:31:07'),(34,'Jarrod','Greenfelder','windler.werner@example.org','(422)135-6966x383','2012-05-01 15:24:28','2020-03-28 06:09:56'),(35,'Onie','Terry','wendy94@example.com','07373271971','2020-09-22 02:38:19','2020-10-19 20:31:07'),(36,'Billie','Toy','rprosacco@example.com','1-169-739-4133x742','2020-06-19 08:00:04','2020-10-19 20:31:07'),(37,'Andy','Zulauf','rempel.giovanna@example.org','03998213136','2019-08-04 02:37:09','2020-10-19 20:31:07'),(38,'Enos','Morissette','jswift@example.org','1-737-276-3451x18196','2015-05-17 14:09:16','2020-10-19 20:31:07'),(39,'Nicklaus','Effertz','odie.bogisich@example.net','1-697-458-6632','2018-12-22 14:54:43','2020-05-03 08:06:33'),(40,'Amara','Kilback','walsh.green@example.com','08546863710','2012-01-31 17:04:52','2012-05-11 18:58:11'),(41,'Bradley','Nicolas','roel80@example.com','1-231-451-1951','2019-11-22 00:27:09','2020-10-19 20:31:07'),(42,'Jamie','Prohaska','elian.baumbach@example.net','811-512-1631x91356','2016-05-30 22:08:24','2018-12-31 07:33:52'),(43,'Anissa','Weimann','georgianna60@example.net','1-503-174-8156x772','2019-02-26 20:22:37','2020-06-25 07:52:39'),(44,'Roman','Smith','marcella53@example.org','497.136.1897','2010-10-19 09:53:09','2013-04-28 03:19:36'),(45,'Alessandro','Larson','quitzon.ayden@example.org','(221)644-0197x53087','2014-01-05 15:12:16','2017-01-12 23:35:03'),(46,'Marilie','Ullrich','lyric85@example.net','+14(3)1487112743','2013-04-22 17:03:20','2017-12-11 05:27:22'),(47,'Elnora','Stark','breanne.o\'conner@example.net','354.640.8380','2018-02-05 20:26:19','2020-05-27 18:37:42'),(48,'Clemmie','Borer','genoveva.kutch@example.com','(217)713-7434x34093','2019-10-16 05:23:26','2020-10-19 20:31:07'),(49,'Sedrick','Rau','dolly60@example.net','1-344-185-3638','2015-09-15 07:30:53','2017-03-17 00:24:30'),(50,'Aleen','Mills','jenkins.leonard@example.com','(535)757-3262','2016-05-22 06:38:32','2020-10-19 20:31:07'),(51,'Candelario','Kutch','lmurazik@example.org','01894082891','2018-10-24 03:17:13','2020-10-19 20:31:07'),(52,'Darian','Green','guadalupe.glover@example.org','1-718-430-9485x14323','2013-03-18 05:17:57','2014-09-30 02:40:53'),(53,'Nick','Metz','d\'amore.rowland@example.org','(595)622-4683x47416','2016-01-22 12:31:31','2017-09-15 10:22:04'),(54,'Carmela','Franecki','cmarks@example.com','876.193.2850','2014-12-17 14:53:49','2017-04-10 19:22:22'),(55,'Faustino','Rippin','oruecker@example.com','1-250-488-4636x16177','2018-10-11 19:36:02','2020-10-19 20:31:07'),(56,'Hilbert','Hermann','ahudson@example.com','902-358-2364x4388','2019-04-18 21:42:09','2020-10-19 20:31:07'),(57,'Emmalee','Wiegand','collins.hazel@example.org','1-486-463-6413','2020-07-19 22:34:16','2020-10-19 20:31:07'),(58,'Shanny','Glover','kadin49@example.com','(165)124-5495x8779','2011-01-31 13:50:10','2020-03-08 06:51:13'),(59,'Jayce','Trantow','rowe.natasha@example.net','404.706.7302','2019-01-19 22:33:34','2020-10-19 20:31:07'),(60,'Mark','Thompson','ervin.jacobi@example.com','969.999.1377','2016-06-16 09:59:13','2017-08-19 17:40:20'),(61,'Lilian','Pfeffer','jbarrows@example.org','+24(7)9448671421','2020-10-08 17:41:45','2020-10-19 20:31:07'),(62,'Loren','Satterfield','dibbert.paula@example.net','778-116-4661x457','2016-06-09 06:18:24','2017-03-08 23:53:03'),(63,'Kellie','Larson','sipes.shany@example.org','1-666-123-3808x515','2014-02-02 04:47:41','2019-04-22 05:26:18'),(64,'Delaney','Blick','dooley.pierce@example.net','294-715-2806','2015-08-10 21:48:05','2015-11-22 15:52:40'),(65,'Elmo','Weimann','ayla.senger@example.org','691-503-7579','2018-04-25 11:03:32','2020-10-19 20:31:07'),(66,'Christian','Bernhard','ssporer@example.com','266.125.1285x50919','2019-06-23 17:22:51','2019-10-05 03:21:43'),(67,'Dawn','Feil','cleffler@example.org','904.737.9494x46493','2013-11-11 04:19:38','2014-06-10 12:48:11'),(68,'Margie','Kuphal','gleichner.abigayle@example.org','252-508-2381','2017-04-22 20:19:18','2020-10-19 20:31:07'),(69,'Ebony','Walsh','alexa.hand@example.com','719-789-8770x5460','2012-03-31 14:25:59','2016-12-11 12:47:01'),(70,'Eleanora','Torp','kyra81@example.com','254-931-4291x565','2011-11-15 11:16:07','2019-04-17 05:54:39'),(71,'Jerrod','Cummerata','dejuan85@example.org','+92(2)5456120092','2013-08-29 20:22:43','2018-10-09 13:30:46'),(72,'Luciano','Kemmer','adolf.dietrich@example.net','03033938206','2019-04-15 23:44:19','2020-10-19 20:31:07'),(73,'Destini','Fahey','angus.weimann@example.net','890-352-6657','2019-07-28 22:31:07','2020-10-19 20:31:07'),(74,'Eino','Wunsch','mueller.bridget@example.net','818.227.2088x58173','2018-05-30 18:25:45','2020-10-19 20:31:07'),(75,'Emery','Goldner','odessa50@example.org','1-723-504-4458x3593','2019-09-29 08:56:10','2020-10-19 20:31:07'),(76,'Lizeth','Hettinger','shane.klein@example.net','919-494-1285','2015-08-12 00:35:45','2020-10-19 20:31:07'),(77,'Corine','Spencer','christy41@example.org','(677)745-5068x75940','2019-03-31 22:34:44','2020-10-19 20:31:07'),(78,'Mateo','Hoeger','winnifred42@example.com','522.174.5803x01018','2012-04-10 14:49:52','2019-11-14 01:14:10'),(79,'Clement','Hilll','alessandra.lubowitz@example.org','496.061.8510x306','2012-01-02 16:31:15','2012-04-10 17:45:43'),(80,'Adonis','Marquardt','daniella.grant@example.com','(129)645-4548','2013-06-26 20:02:45','2016-06-21 09:27:26'),(81,'Ryann','Towne','nstracke@example.com','+35(8)0183288034','2017-10-07 19:23:49','2020-10-19 20:31:07'),(82,'Lina','Bruen','smitham.eliseo@example.org','(890)321-0705x271','2010-12-01 11:56:24','2018-02-22 17:40:22'),(83,'Javon','Metz','qdare@example.org','(169)354-3746x116','2018-12-16 07:03:45','2020-10-19 20:31:07'),(84,'Kiana','Marvin','abdullah48@example.org','749-731-7153x738','2010-10-30 09:12:41','2011-12-12 12:10:09'),(85,'John','Schneider','little.ricardo@example.com','906.965.7377x1623','2016-11-20 17:11:20','2020-10-19 20:31:07'),(86,'Silas','Rosenbaum','nathan.paucek@example.com','929.472.2775x5627','2017-12-26 05:37:54','2020-10-19 20:31:07'),(87,'Kelsi','Kuvalis','ana.ernser@example.org','(143)911-4685x47530','2015-09-12 05:51:24','2018-12-20 17:45:25'),(88,'Amelie','Barrows','melyna.dubuque@example.net','1-198-878-2113x35673','2012-07-08 17:13:06','2019-11-10 20:22:23'),(89,'Blaze','Von','abeer@example.com','874.668.4010','2020-01-01 05:25:07','2020-10-19 20:31:07'),(90,'Ava','Runolfsdottir','xdenesik@example.org','1-368-221-0736','2011-10-21 05:06:26','2014-10-09 18:21:11'),(91,'Elmer','Goldner','smayer@example.org','1-836-000-5029x09079','2019-07-09 08:06:32','2020-10-19 20:31:07'),(92,'Willow','Hessel','upton.ezra@example.com','06316351254','2020-08-07 10:14:11','2020-10-19 20:31:07'),(93,'Grant','Hickle','jasmin02@example.net','1-131-638-5599x6402','2014-07-06 23:21:47','2020-10-19 20:31:07'),(94,'Amira','Runte','champlin.gertrude@example.org','1-127-889-2300','2011-10-24 16:24:37','2017-08-13 04:51:00'),(95,'Alayna','Hettinger','lynch.noemie@example.com','085-459-8994x70180','2016-11-12 00:38:12','2020-02-29 09:52:21'),(96,'Merritt','Morar','otilia42@example.net','342.921.9846x3237','2015-10-16 18:08:53','2016-05-23 21:36:53'),(97,'Lucious','Hodkiewicz','gaylord.dasia@example.com','08405341285','2019-12-15 04:20:20','2020-10-19 20:31:07'),(98,'Flo','Kihn','labadie.tyshawn@example.com','656-256-5720x4827','2013-08-15 17:35:41','2016-08-17 19:20:46'),(99,'Davon','Russel','peggie77@example.org','1-505-515-5098','2016-01-23 18:49:22','2020-10-19 20:31:07'),(100,'Stone','Moen','hickle.eryn@example.org','(457)805-3472x092','2016-04-30 01:10:08','2020-10-19 20:31:07');
/*!40000 ALTER TABLE `users` ENABLE KEYS */;
UNLOCK TABLES;
/*!40103 SET TIME_ZONE=@OLD_TIME_ZONE */;

/*!40101 SET SQL_MODE=@OLD_SQL_MODE */;
/*!40014 SET FOREIGN_KEY_CHECKS=@OLD_FOREIGN_KEY_CHECKS */;
/*!40014 SET UNIQUE_CHECKS=@OLD_UNIQUE_CHECKS */;
/*!40101 SET CHARACTER_SET_CLIENT=@OLD_CHARACTER_SET_CLIENT */;
/*!40101 SET CHARACTER_SET_RESULTS=@OLD_CHARACTER_SET_RESULTS */;
/*!40101 SET COLLATION_CONNECTION=@OLD_COLLATION_CONNECTION */;
/*!40111 SET SQL_NOTES=@OLD_SQL_NOTES */;

-- Dump completed on 2020-10-21 21:39:01
